Município,Província
Alcalá de Guadaíra,Sevilha
Almensilla,Sevilha
Arahal,Sevilha
Ayamonte,Huelva
Benacazón,Sevilha
Bollullos de la Mitación,Sevilha
Bollullos Par del Condado,Huelva
Bonares,Huelva
Bormujos,Sevilha
Camas,Sevilha
Carmona,Sevilha
Carrión de los Céspedes,Sevilha
Cartaya,Huelva
Castilleja de la Cuesta,Sevilha
Chucena,Huelva
Coria del Río,Sevilha
Dos Hermanas,Sevilha
El Garrobo,Sevilha
El Granado,Huelva
El Ronquillo,Sevilha
Espartinas,Sevilha
Gelves,Sevilha
Gibraleón,Huelva
Guillena,Sevilha
Huelva,Huelva
Huévar del Aljarafe,Sevilha
Isla Cristina,Huelva
La Rinconada,Sevilha
Lepe,Huelva
Mairena del Aljarafe,Sevilha
Palomares del Río,Sevilha
Paymogo,Huelva
Puebla de Guzmán,Huelva
Salteras,Sevilha
San Bartolomé de la Torre,Huelva
San Juan de Aznalfarache,Sevilha
San Juan del Puerto,Huelva
San Silvestre de Guzmán,Huelva
Sanlúcar de Guadiana,Huelva
Santiponce,Sevilha
Sevilha,Sevilha
Umbrete,Sevilha
Utrera,Sevilha
Villablanca,Huelva
Villanueva de los Castillejos,Huelva
Villarrasa,Huelva
