Municipio,Comarca,Province
A Cañiza,A Paradanta,Pontevedra
Abegondo,Comarca de A Coruña,A Coruña
Abla,Los Filabres-Tabernas,Almería
Abrucena,Los Filabres-Tabernas,Almería
Adanero,La Moraña,Ávila
Adra,Poniente Almeriense,Almería
Agost,Alacantí / Campo de Alicante,Alacant / Alicante
Aguadulce,Sierra Sur de Sevilha,Sevilha
Aguilar de la Frontera,Campiña Sur,Córdoba
Agullent,Valle de Albaida / Vall d'Albaida,València / Valencia
Aielo de Malferit,Valle de Albaida / Vall d'Albaida,València / Valencia
Alacant / Alicante,Alacantí / Campo de Alicante,Alacant / Alicante
Alagón del Río,Valle del Alagón,Cáceres
Albaida,Valle de Albaida / Vall d'Albaida,València / Valencia
Albolote,Vega de Granada,Granada
Albuñol,Costa Granadina,Granada
Alcalá de Guadaíra,Comarca Metropolitana de Sevilha,Sevilha
Alcalá de Guadaíra,Los Alcores,Sevilha
Alcalá de Henares,Área Metropolitana y Corredor del Henares,Comunidade de Madrid
Alcalá de los Gazules,La Janda,Cádiz
Alcantarilla,Huerta de Murcia,Região de Murcia
Alcobendas,Área Metropolitana y Corredor del Henares,Comunidade de Madrid
Alcoi / Alcoy,Alcoià / Hoya de Alcoy,Alacant / Alicante
Alconada,Tierra de Peñaranda,Salamanca
Alcorcón,Área Metropolitana y Corredor del Henares,Comunidade de Madrid
Alcuéscar,Sierra de Montánchez,Cáceres
Aldea del Cano,Sierra de Montánchez,Cáceres
Aldeanueva del Camino,Valle del Ambroz,Cáceres
Aldeatejada,Campo de Salamanca,Salamanca
Aldehuela de la Bóveda,Campo de Salamanca,Salamanca
Aldeire,Comarca de Guadix,Granada
Alfacar,Vega de Granada,Granada
Algarrobo,La Axarquía,Málaga
Algeciras,Campo de Gibraltar,Cádiz
Alhama de Murcia,Bajo Guadalentín,Região de Murcia
Alhaurín de la Torre,Valle del Guadalhorce,Málaga
Alhendín,Vega de Granada,Granada
Aljaraque,Comarca Metropolitana de Huelva,Huelva
Aljucén,Centro,Badajoz
Almaraz,Campo Arañuelo,Cáceres
Almendralejo,Tierra de Barros,Badajoz
Almensilla,Aljarafe,Sevilha
Almensilla,Comarca Metropolitana de Sevilha,Sevilha
Almería,Comarca Metropolitana de Almería,Almería
Almonte,El Condado,Huelva
Almuñécar,Costa Granadina,Granada
Almuradiel,Sierra Morena,Ciudad Real
Alovera,Campiña de Guadalajara,Guadalajara
Alpedrete,Cuenca del Guadarrama,Comunidade de Madrid
Andújar,Campiña de Jaén,Jaén
Antas,Levante Almeriense,Almería
Antequera,Comarca de Antequera,Málaga
Arahal,Campiña de Morón y Marchena,Sevilha
Aranga,Comarca de Betanzos,A Coruña
Aranjuez,Comarca de Las Vegas,Comunidade de Madrid
Arapiles,Campo de Salamanca,Salamanca
Archidona,Comarca Nororiental de Málaga,Málaga
Arévalo,La Moraña,Ávila
Argamasilla de Alba,La Mancha,Ciudad Real
Arganda del Rey,Cuenca del Henares,Comunidade de Madrid
Aroche,Sierra de Huelva,Huelva
Arroyo de San Serván,Centro,Badajoz
Arroyomolinos,Comarca Sur,Comunidade de Madrid
Arteixo,Comarca de A Coruña,A Coruña
As Neves,O Condado,Pontevedra
As Nogais,Os Ancares,Lugo
Astorga,Tierra de Astorga,León
Atalaya del Cañavate,La Mancha de Cuenca,Cuenca
Ataquines,Tierra de Medina,Valladolid
Atarfe,Vega de Granada,Granada
Atzeneta d'Albaida,Valle de Albaida / Vall d'Albaida,València / Valencia
Ávila,Comarca de Ávila,Ávila
Ayamonte,Costa Occidental de Huelva,Huelva
Azuqueca de Henares,Campiña de Guadalajara,Guadalajara
Bailén,Sierra Morena,Jaén
Balanegra,Poniente Almeriense,Almería
Baños de Montemayor,Valle del Ambroz,Cáceres
Baralla,Os Ancares,Lugo
Barbadillo,Campo de Salamanca,Salamanca
Barro,Comarca de Pontevedra,Pontevedra
Becerreá,Os Ancares,Lugo
Bédar,Levante Almeriense,Almería
Begonte,Terra Chá,Lugo
Béjar,Sierra de Béjar,Salamanca
Belinchón,La Mancha de Cuenca,Cuenca
Belvís de Monroy,Campo Arañuelo,Cáceres
Bembibre,El Bierzo,León
Benacazón,Aljarafe,Sevilha
Benalmádena,Costa del Sol Occidental,Málaga
Benamejí,Subbética,Córdoba
Benavente,Benavente y Los Valles,Zamora
Bercero,Tierra del Vino,Valladolid
Betanzos,Comarca de Betanzos,A Coruña
Boadilla del Monte,Área Metropolitana y Corredor del Henares,Comunidade de Madrid
Bollullos de la Mitación,Aljarafe,Sevilha
Bollullos Par del Condado,El Condado,Huelva
Bonares,El Condado,Huelva
Bormujos,Aljarafe,Sevilha
Bormujos,Comarca Metropolitana de Sevilha,Sevilha
Brazuelo,Tierra de Astorga,León
Buenavista,Tierra de Alba,Salamanca
Buitrago del Lozoya,Sierra Norte de Madrid,Comunidade de Madrid
Cabanillas del Campo,Campiña de Guadalajara,Guadalajara
Caldas de Reis,Comarca de Caldas,Pontevedra
Calera y Chozas,La Campana de Oropesa,Toledo
Calzada de Don Diego,Campo de Salamanca,Salamanca
Calzadilla de los Barros,Zafra-Río Bodión,Badajoz
Camas,Aljarafe,Sevilha
Camas,Comarca Metropolitana de Sevilha,Sevilha
Cambil,Sierra Mágina,Jaén
Cambre,Comarca de A Coruña,A Coruña
Campillo de Arenas,Sierra Mágina,Jaén
Camponaraya,El Bierzo,León
Campotéjar,Los Montes,Granada
Canals,La Costera,València / Valencia
Cañaveral,Monfragüe,Cáceres
Carbajosa de la Sagrada,Campo de Salamanca,Salamanca
Carboneros,Sierra Morena,Jaén
Cárcheles,Sierra Mágina,Jaén
Carmona,Campiña de Carmona,Sevilha
Carmona,Los Alcores,Sevilha
Carpio de Azaba,Comarca de Ciudad Rodrigo,Salamanca
Carracedelo,El Bierzo,León
Carral,Comarca de A Coruña,A Coruña
Carranque,La Sagra,Toledo
Carrascal de Barregas,Campo de Salamanca,Salamanca
Carrión de Calatrava,Campo de Calatrava,Ciudad Real
Carrión de los Céspedes,Aljarafe,Sevilha
Cartaya,Costa Occidental de Huelva,Huelva
Casabermeja,Comarca de Antequera,Málaga
Casar de Cáceres,Tajo-Salor,Cáceres
Casares,Costa del Sol Occidental,Málaga
Casarrubios del Monte,La Sagra,Toledo
Casas de Don Antonio,Sierra de Montánchez,Cáceres
Casas de Don Gómez,Rivera de Fresnedosa,Cáceres
Casas de Millán,Monfragüe,Cáceres
Casas del Monte,Valle del Ambroz,Cáceres
Casatejada,Campo Arañuelo,Cáceres
Castalla,Alcoià / Hoya de Alcoy,Alacant / Alicante
Castilleja de la Cuesta,Aljarafe,Sevilha
Castilleja de la Cuesta,Comarca Metropolitana de Sevilha,Sevilha
Castillo de Garcimuñoz,La Mancha de Cuenca,Cuenca
Castrogonzalo,Benavente y Los Valles,Zamora
Cazalegas,Sierra de San Vicente,Toledo
Cebrones del Río,Páramo Leonés,León
Cerecinos de Campos,Tierra de Campos,Zamora
Cerezo de Abajo,Comunidad de Villa y Tierra de Sepúlveda,Segóvia
Cervera del Llano,La Mancha de Cuenca,Cuenca
Chauchina,Vega de Granada,Granada
Chucena,El Condado,Huelva
Ciempozuelos,Comarca de Las Vegas,Comunidade de Madrid
Cijuela,Vega de Granada,Granada
Ciudad Real,Campo de Calatrava,Ciudad Real
Ciudad Rodrigo,Comarca de Ciudad Rodrigo,Salamanca
Cocentaina,Condado de Cocentaina / Comtat,Alacant / Alicante
Coirós,Comarca de Betanzos,A Coruña
Collado Villalba,Cuenca del Guadarrama,Comunidade de Madrid
Colmenar Viejo,Cuenca Alta del Manzanares,Comunidade de Madrid
Congosto,El Bierzo,León
Córdoba,Comarca de Córdoba,Córdoba
Coria del Río,Aljarafe,Sevilha
Coria del Río,Comarca Metropolitana de Sevilha,Sevilha
Cox,Baix Segura / Vega Baja del Segura,Alacant / Alicante
Crespos,La Moraña,Ávila
Crevillent,Baix Vinalopó / Bajo Vinalopó,Alacant / Alicante
Culleredo,Comarca de A Coruña,A Coruña
Daimiel,La Mancha,Ciudad Real
Dehesas Viejas,Los Montes,Granada
Deifontes,Los Montes,Granada
Deleitosa,Villuercas-Ibores-Jara,Cáceres
Diezma,Comarca de Guadix,Granada
Dólar,Comarca de Guadix,Granada
Don Benito,La Serena-Vegas Altas,Badajoz
Dos Hermanas,Comarca Metropolitana de Sevilha,Sevilha
Dosbarrios,Mesa de Ocaña,Toledo
Écija,Comarca de Écija,Sevilha
El Carpio,Alto Guadalquivir,Córdoba
El Cuervo de Sevilla,Bajo Guadalquivir,Sevilha
El Ejido,Poniente Almeriense,Almería
El Espinar,Comunidad de Ciudad y Tierra de Segovia,Segóvia
El Garrobo,Sierra Norte de Sevilha,Sevilha
El Granado,El Andévalo,Huelva
El Molar,Cuenca del Medio Jarama,Comunidade de Madrid
El Pinar,Valle de Lecrín,Granada
El Puerto de Santa María,Bahía de Cádiz,Cádiz
El Ronquillo,Sierra Norte de Sevilha,Sevilha
El Viso de San Juan,La Sagra,Toledo
Elx / Elche,Baix Vinalopó / Bajo Vinalopó,Alacant / Alicante
Encinas de Abajo,Las Villas,Salamanca
Encinas Reales,Subbética,Córdoba
Encinasola,Sierra de Huelva,Huelva
Escurial,Comarca de Trujillo,Cáceres
Espartinas,Aljarafe,Sevilha
Espartinas,Comarca Metropolitana de Sevilha,Sevilha
Espeja,Comarca de Ciudad Rodrigo,Salamanca
Espinosa de los Caballeros,La Moraña,Ávila
Estepa,Sierra Sur de Sevilha,Sevilha
Estepona,Costa del Sol Occidental,Málaga
Fernán Núñez,Campiña Sur,Córdoba
Fiñana,Los Filabres-Tabernas,Almería
Folgoso de la Ribera,El Bierzo,León
Fresno Alhándiga,Tierra de Alba,Salamanca
Frigiliana,La Axarquía,Málaga
Fuengirola,Costa del Sol Occidental,Málaga
Fuenlabrada,Área Metropolitana y Corredor del Henares,Comunidade de Madrid
Fuente de Cantos,Tentudía,Badajoz
Fuente de Piedra,Comarca de Antequera,Málaga
Fuentes de Andalucía,Comarca de Écija,Sevilha
Fuentes de Oñoro,Comarca de Ciudad Rodrigo,Salamanca
Fuentidueña de Tajo,Comarca de Las Vegas,Comunidade de Madrid
Galapagar,Cuenca del Guadarrama,Comunidade de Madrid
Galisteo,Valle del Alagón,Cáceres
Gelves,Aljarafe,Sevilha
Gelves,Comarca Metropolitana de Sevilha,Sevilha
Gérgal,Los Filabres-Tabernas,Almería
Getafe,Área Metropolitana y Corredor del Henares,Comunidade de Madrid
Gibraleón,Comarca Metropolitana de Huelva,Huelva
Granada,Vega de Granada,Granada
Granja de Rocamora,Baix Segura / Vega Baja del Segura,Alacant / Alicante
Guadalajara,La Alcarria,Guadalajara
Guadalix de la Sierra,Cuenca Alta del Manzanares,Comunidade de Madrid
Guadarrama,Cuenca del Guadarrama,Comunidade de Madrid
Guadix,Comarca de Guadix,Granada
Guareña,Guadiana,Badajoz
Guarromán,Sierra Morena,Jaén
Guijo de Ávila,Comarca de Guijuelo,Salamanca
Guijo de Galisteo,Valle del Alagón,Cáceres
Guijuelo,Comarca de Guijuelo,Salamanca
Guillena,Sierra Norte de Sevilha,Sevilha
Guitiriz,Terra Chá,Lugo
Gutierre-Muñoz,La Moraña,Ávila
Herencia,La Mancha,Ciudad Real
Herreruela de Oropesa,La Campana de Oropesa,Toledo
Hinojal,Tajo-Salor,Cáceres
Honrubia,La Mancha de Cuenca,Cuenca
Horcajo de la Sierra-Aoslos,Sierra Norte de Madrid,Comunidade de Madrid
Huelva,Comarca Metropolitana de Huelva,Huelva
Huéneja,Comarca de Guadix,Granada
Huércal-Overa,Levante Almeriense,Almería
Huete,La Alcarria,Cuenca
Huétor de Santillán,Vega de Granada,Granada
Huétor Tájar,Comarca de Loja,Granada
Huévar del Aljarafe,Aljarafe,Sevilha
Ibi,Alcoià / Hoya de Alcoy,Alacant / Alicante
Isla Cristina,Costa Occidental de Huelva,Huelva
Iznalloz,Los Montes,Granada
Jabalquinto,Sierra Morena,Jaén
Jaén,Comarca Metropolitana de Jaén,Jaén
Jaraicejo,Comarca de Trujillo,Cáceres
Jarilla,Trasierra-Tierras de Granadilla,Cáceres
Játiva/Xàtiva,La Costera,València / Valencia
Jerez de la Frontera,Campiña de Jerez,Cádiz
L'Olleria,Valle de Albaida / Vall d'Albaida,València / Valencia
La Almarcha,La Mancha de Cuenca,Cuenca
La Bañeza,La Bañeza,León
La Cabeza de Béjar,Sierra de Béjar,Salamanca
La Cabrera,Sierra Norte de Madrid,Comunidade de Madrid
La Calahorra,Comarca de Guadix,Granada
La Calzada de Oropesa,La Campana de Oropesa,Toledo
La Campana,Campiña de Carmona,Sevilha
La Carlota,Valle Medio del Guadalquivir,Córdoba
La Carolina,Sierra Morena,Jaén
La Cumbre,Comarca de Trujillo,Cáceres
La Fuente de San Esteban,Comarca de Ciudad Rodrigo,Salamanca
La Guardia de Jaén,Comarca Metropolitana de Jaén,Jaén
La Guardia,Mesa de Ocaña,Toledo
La Hinojosa,La Mancha de Cuenca,Cuenca
La Línea de la Concepción,Campo de Gibraltar,Cádiz
La Luisiana,Comarca de Écija,Sevilha
La Mojonera,Poniente Almeriense,Almería
La Peza,Comarca de Guadix,Granada
La Puebla de Cazalla,Campiña de Morón y Marchena,Sevilha
La Rinconada,Comarca Metropolitana de Sevilha,Sevilha
La Roda de Andalucía,Sierra Sur de Sevilha,Sevilha
La Serna del Monte,Sierra Norte de Madrid,Comunidade de Madrid
La Serrada,Comarca de Ávila,Ávila
La Torre de Esteban Hambrán,Torrijos,Toledo
La Torre del Valle,Benavente y Los Valles,Zamora
Láchar,Vega de Granada,Granada
Lagartera,La Campana de Oropesa,Toledo
Las Cabezas de San Juan,Bajo Guadalquivir,Sevilha
Las Rozas de Madrid,Área Metropolitana y Corredor del Henares,Comunidade de Madrid
Las Tres Villas,Los Filabres-Tabernas,Almería
Las Ventas de Retamosa,La Sagra,Toledo
Lebrija,Bajo Guadalquivir,Sevilha
Lecrín,Valle de Lecrín,Granada
Leganés,Área Metropolitana y Corredor del Henares,Comunidade de Madrid
Lepe,Costa Occidental de Huelva,Huelva
Librilla,Bajo Guadalentín,Região de Murcia
Llanos del Caudillo,La Mancha,Ciudad Real
Lobón,Vegas Bajas,Badajoz
Loja,Comarca de Loja,Granada
Lopera,Campiña de Jaén,Jaén
Lora de Estepa,Sierra Sur de Sevilha,Sevilha
Lorca,Alto Guadalentín,Região de Murcia
Los Barrios,Campo de Gibraltar,Cádiz
Los Cerralbos,Torrijos,Toledo
Los Gallardos,Levante Almeriense,Almería
Los Palacios y Villafranca,Bajo Guadalquivir,Sevilha
Los Santos de Maimona,Zafra-Río Bodión,Badajoz
Lozoyuela-Navas-Sieteiglesias,Sierra Norte de Madrid,Comunidade de Madrid
Lucena,Subbética,Córdoba
Lucillos,Torrijos,Toledo
Lugo,Comarca de Lugo,Lugo
Lújar,Costa Granadina,Granada
Machacón,Campo de Salamanca,Salamanca
Madrid,Área Metropolitana y Corredor del Henares,Comunidade de Madrid
Madridejos,Mancha Alta de Toledo,Toledo
Mairena del Aljarafe,Aljarafe,Sevilha
Mairena del Aljarafe,Comarca Metropolitana de Sevilha,Sevilha
Majadahonda,Área Metropolitana y Corredor del Henares,Comunidade de Madrid
Majadas,Campo Arañuelo,Cáceres
Málaga,Málaga-Costa del Sol,Málaga
Malpartida de Plasencia,Monfragüe,Cáceres
Manilva,Costa del Sol Occidental,Málaga
Manzanares,La Mancha,Ciudad Real
Maqueda,Torrijos,Toledo
Marbella,Costa del Sol Occidental,Málaga
Marchamalo,Campiña de Guadalajara,Guadalajara
Marchena,Campiña de Morón y Marchena,Sevilha
Marmolejo,Campiña de Jaén,Jaén
Martín de Yeltes,Comarca de Ciudad Rodrigo,Salamanca
Martín Muñoz de la Dehesa,Campiña Segoviana,Segóvia
Meco,Cuenca del Medio Jarama,Comunidade de Madrid
Medina del Campo,Tierra de Medina,Valladolid
Medina Sidonia,La Janda,Cádiz
Melón,O Ribeiro,Ourense
Membrilla,La Mancha,Ciudad Real
Mengíbar,Comarca Metropolitana de Jaén,Jaén
Miajadas,Comarca de Trujillo,Cáceres
Miguelturra,Campo de Calatrava,Ciudad Real
Mijas,Costa del Sol Occidental,Málaga
Millanes,Campo Arañuelo,Cáceres
Mollina,Comarca de Antequera,Málaga
Monesterio,Tentudía,Badajoz
Monforte del Cid,Vinalopó Mitjà / Vinalopó Medio,Alacant / Alicante
Montalbo,La Mancha de Cuenca,Cuenca
Montejo,Comarca de Guijuelo,Salamanca
Montilla,Campiña Sur,Córdoba
Montoro,Alto Guadalquivir,Córdoba
Monturque,Campiña Sur,Córdoba
Moraleda de Zafayona,Comarca de Loja,Granada
Moraleja de Enmedio,Comarca Sur,Comunidade de Madrid
Moraleja,Sierra de Gata,Cáceres
Mos,Comarca de Vigo,Pontevedra
Móstoles,Área Metropolitana y Corredor del Henares,Comunidade de Madrid
Mota del Marqués,Montes Torozos,Valladolid
Motril,Costa Granadina,Granada
Murcia,Huerta de Murcia,Região de Murcia
Muro de Alcoy,Condado de Cocentaina / Comtat,Alacant / Alicante
Nacimiento,Los Filabres-Tabernas,Almería
Narros del Castillo,La Moraña,Ávila
Nava de Béjar,Sierra de Béjar,Salamanca
Navalcarnero,Comarca Sur,Comunidade de Madrid
Nerja,La Axarquía,Málaga
Nigüelas,Valle de Lecrín,Granada
Níjar,Comarca Metropolitana de Almería,Almería
Noalejo,Sierra Mágina,Jaén
O Corgo,Comarca de Lugo,Lugo
O Porriño,Comarca de Vigo,Pontevedra
Ocaña,Mesa de Ocaña,Toledo
Ogíjares,Vega de Granada,Granada
Oliva de la Frontera,Sierra Suroeste,Badajoz
Oliva de Plasencia,Trasierra-Tierras de Granadilla,Cáceres
Ontígola,Mesa de Ocaña,Toledo
Orbita,La Moraña,Ávila
Ordes,Comarca de Ordes,A Coruña
Orihuela,Baix Segura / Vega Baja del Segura,Alacant / Alicante
Oropesa,La Campana de Oropesa,Toledo
Oroso,Comarca de Ordes,A Coruña
Osuna,Sierra Sur de Sevilha,Sevilha
Otero,Torrijos,Toledo
Outeiro de Rei,Comarca de Lugo,Lugo
Oza-Cesuras,Comarca de Betanzos,A Coruña
Padrón,O Sar,A Coruña
Padul,Valle de Lecrín,Granada
Palacios de Goda,La Moraña,Ávila
Palomares del Río,Aljarafe,Sevilha
Palomares del Río,Comarca Metropolitana de Sevilha,Sevilha
Palos de la Frontera,Comarca Metropolitana de Huelva,Huelva
Paracuellos de Jarama,Cuenca del Medio Jarama,Comunidade de Madrid
Paradas,Campiña de Morón y Marchena,Sevilha
Paymogo,El Andévalo,Huelva
Pechina,Comarca Metropolitana de Almería,Almería
Pedrafita do Cebreiro,Os Ancares,Lugo
Pedrera,Sierra Sur de Sevilha,Sevilha
Pedrezuela,Cuenca del Medio Jarama,Comunidade de Madrid
Pedro Abad,Alto Guadalquivir,Córdoba
Pegalajar,Sierra Mágina,Jaén
Pelabravo,Campo de Salamanca,Salamanca
Peligros,Vega de Granada,Granada
Peñalba de Ávila,Comarca de Ávila,Ávila
Peñaranda de Bracamonte,Tierra de Peñaranda,Salamanca
Pepino,Sierra de San Vicente,Toledo
Peraleda de la Mata,Campo Arañuelo,Cáceres
Perales de Tajuña,Comarca de Las Vegas,Comunidade de Madrid
Pinos Puente,Vega de Granada,Granada
Pinto,Área Metropolitana y Corredor del Henares,Comunidade de Madrid
Piñuécar-Gandullas,Sierra Norte de Madrid,Comunidade de Madrid
Polopos,Costa Granadina,Granada
Ponferrada,El Bierzo,León
Ponteareas,O Condado,Pontevedra
Pontevedra,Comarca de Pontevedra,Pontevedra
Portas,Comarca de Caldas,Pontevedra
Pozorrubielos de la Mancha,La Manchuela,Cuenca
Pozuelo de Alarcón,Área Metropolitana y Corredor del Henares,Comunidade de Madrid
Pozuelo del Páramo,Páramo Leonés,León
Puebla de Guzmán,El Andévalo,Huelva
Puebla de Sancho Pérez,Zafra-Río Bodión,Badajoz
Puerto de Béjar,Sierra de Béjar,Salamanca
Puerto de Santa Cruz,Comarca de Trujillo,Cáceres
Puerto Lápice,La Mancha,Ciudad Real
Puerto Lumbreras,Alto Guadalentín,Região de Murcia
Puerto Real,Bahía de Cádiz,Cádiz
Puertollano,Campo de Calatrava,Ciudad Real
Pulianas,Vega de Granada,Granada
Punta Umbría,Comarca Metropolitana de Huelva,Huelva
Purullena,Comarca de Guadix,Granada
Quismondo,Torrijos,Toledo
Rábade,Comarca de Lugo,Lugo
Redondela,Comarca de Vigo,Pontevedra
Ribadavia,O Ribeiro,Ourense
Riego de la Vega,La Bañeza,León
Rincón de la Victoria,La Axarquía,Málaga
Rioja,Comarca Metropolitana de Almería,Almería
Rivas-Vaciamadrid,Cuenca del Henares,Comunidade de Madrid
Robliza de Cojos,Campo de Salamanca,Salamanca
Romangordo,Campo Arañuelo,Cáceres
Roperuelos del Páramo,Páramo Leonés,León
Roquetas de Mar,Poniente Almeriense,Almería
Rosal de la Frontera,Sierra de Huelva,Huelva
Rotglà i Corberà,La Costera,València / Valencia
Rueda,Tierra del Vino,Valladolid
Saelices,La Mancha de Cuenca,Cuenca
Salamanca,Campo de Salamanca,Salamanca
Salar,Comarca de Loja,Granada
Salobreña,Costa Granadina,Granada
Salteras,Aljarafe,Sevilha
Salteras,Comarca Metropolitana de Sevilha,Sevilha
Salvaterra de Miño,O Condado,Pontevedra
San Adrián del Valle,Páramo Leonés,León
San Agustín del Guadalix,Cuenca del Medio Jarama,Comunidade de Madrid
San Bartolomé de la Torre,El Andévalo,Huelva
San Clemente,La Mancha de Cuenca,Cuenca
San Cristóbal de Entreviñas,Benavente y Los Valles,Zamora
San Esteban del Molar,Tierra de Campos,Zamora
San Fernando de Henares,Área Metropolitana y Corredor del Henares,Comunidade de Madrid
San Isidro,Baix Segura / Vega Baja del Segura,Alacant / Alicante
San Juan de Aznalfarache,Aljarafe,Sevilha
San Juan de Aznalfarache,Comarca Metropolitana de Sevilha,Sevilha
San Juan del Puerto,Comarca Metropolitana de Huelva,Huelva
San Justo de la Vega,Tierra de Astorga,León
San Lorenzo de El Escorial,Cuenca del Guadarrama,Comunidade de Madrid
San Pablo de la Moraleja,Tierra de Medina,Valladolid
San Pedro de Mérida,Centro,Badajoz
San Pedro del Arroyo,Comarca de Ávila,Ávila
San Roque,Campo de Gibraltar,Cádiz
San Sebastián de los Reyes,Área Metropolitana y Corredor del Henares,Comunidade de Madrid
San Silvestre de Guzmán,Costa Occidental de Huelva,Huelva
San Vicente del Palacio,Tierra de Medina,Valladolid
Sanchidrián,La Moraña,Ávila
Sancti-Spíritus,Comarca de Ciudad Rodrigo,Salamanca
Sanlúcar de Guadiana,El Andévalo,Huelva
Santa Amalia,Guadiana,Badajoz
Santa Bárbara de Casa,El Andévalo,Huelva
Santa Cruz de la Sierra,Comarca de Trujillo,Cáceres
Santa Cruz de Mudela,Sierra Morena,Ciudad Real
Santa Cruz del Retamar,Torrijos,Toledo
Santa Elena,Sierra Morena,Jaén
Santa Fe,Vega de Granada,Granada
Santa Marta de Tormes,Campo de Salamanca,Salamanca
Santa Olalla del Cala,Sierra de Huelva,Huelva
Santa Olalla,Torrijos,Toledo
Santiago de Compostela,Comarca de Santiago,A Coruña
Santiago del Campo,Tajo-Salor,Cáceres
Santiponce,Aljarafe,Sevilha
Santiponce,Comarca Metropolitana de Sevilha,Sevilha
Santo Domingo-Caudilla,Torrijos,Toledo
Santo Tomé del Puerto,Comunidad de Villa y Tierra de Sepúlveda,Segóvia
Santomera,Huerta de Murcia,Região de Murcia
Saucedilla,Campo Arañuelo,Cáceres
Serranillos del Valle,Comarca Sur,Comunidade de Madrid
Seseña,La Sagra,Toledo
Sevilha,Comarca Metropolitana de Sevilha,Sevilha
Socuéllamos,La Mancha,Ciudad Real
Somosierra,Sierra Norte de Madrid,Comunidade de Madrid
Sorbas,Levante Almeriense,Almería
Sorihuela,Sierra de Béjar,Salamanca
Tabernas,Los Filabres-Tabernas,Almería
Talavera de la Reina,Talavera de la Reina,Toledo
Talavera la Real,Vegas Bajas,Badajoz
Tarancón,La Mancha de Cuenca,Cuenca
Tarifa,Campo de Gibraltar,Cádiz
Tébar,La Manchuela,Cuenca
Tembleque,Mancha Alta de Toledo,Toledo
Teo,Comarca de Santiago,A Coruña
Tibi,Alcoià / Hoya de Alcoy,Alacant / Alicante
Tiedra,Montes Torozos,Valladolid
Tomelloso,La Mancha,Ciudad Real
Tordesillas,Tierra del Vino,Valladolid
Torija,La Alcarria,Guadalajara
Toril,Campo Arañuelo,Cáceres
Torralba de Calatrava,Campo de Calatrava,Ciudad Real
Torralba de Oropesa,La Campana de Oropesa,Toledo
Torre del Bierzo,El Bierzo,León
Torrecillas de la Tiesa,Comarca de Trujillo,Cáceres
Torrejón de Ardoz,Área Metropolitana y Corredor del Henares,Comunidade de Madrid
Torrejón de Velasco,Comarca Sur,Comunidade de Madrid
Torrelodones,Área Metropolitana y Corredor del Henares,Comunidade de Madrid
Torremejía,Tierra de Barros,Badajoz
Torremolinos,Costa del Sol Occidental,Málaga
Torrox,La Axarquía,Málaga
Totana,Bajo Guadalentín,Região de Murcia
Trabadelo,El Bierzo,León
Trijueque,La Alcarria,Guadalajara
Trujillanos,Centro,Badajoz
Trujillo,Comarca de Trujillo,Cáceres
Tui,O Baixo Miño,Pontevedra
Umbrete,Aljarafe,Sevilha
Utrera,Bajo Guadalquivir,Sevilha
Valdemoro,Comarca Sur,Comunidade de Madrid
Valdepeñas,La Mancha,Ciudad Real
Valderrey,Tierra de Astorga,León
Valencia del Mombuey,Sierra Suroeste,Badajoz
Valle del Zalabí,Comarca de Guadix,Granada
Vallejera de Riofrío,Sierra de Béjar,Salamanca
Valmojado,La Sagra,Toledo
Vara de Rey,La Mancha de Cuenca,Cuenca
Vega de Valcarce,El Bierzo,León
Vega de Valdetronco,Montes Torozos,Valladolid
Vélez de Benaudalla,Costa Granadina,Granada
Vélez-Málaga,La Axarquía,Málaga
Venturada,Sierra Norte de Madrid,Comunidade de Madrid
Vera,Levante Almeriense,Almería
Viator,Comarca Metropolitana de Almería,Almería
Vícar,Poniente Almeriense,Almería
Vigo,Comarca de Vigo,Pontevedra
Vilaboa,Comarca de Pontevedra,Pontevedra
Villa de Otura,Vega de Granada,Granada
Villa del Río,Alto Guadalquivir,Córdoba
Villablanca,Costa Occidental de Huelva,Huelva
Villabrázaro,Benavente y Los Valles,Zamora
Villacastín,Comunidad de Ciudad y Tierra de Segovia,Segóvia
Villafranca de Córdoba,Alto Guadalquivir,Córdoba
Villafranca de los Barros,Tierra de Barros-Río Matachel,Badajoz
Villafranca del Bierzo,El Bierzo,León
Villagatón,Tierra de Astorga,León
Villalpando,Tierra de Campos,Zamora
Villamayor,La Armuña,Salamanca
Villamena,Valle de Lecrín,Granada
Villamesías,Comarca de Trujillo,Cáceres
Villanueva de Córdoba,Los Pedroches,Córdoba
Villanueva de la Reina,Campiña de Jaén,Jaén
Villanueva de la Serena,La Serena-Vegas Altas,Badajoz
Villanueva de los Caballeros,Tierra de Campos,Valladolid
Villanueva de los Castillejos,El Andévalo,Huelva
Villanueva del Rosario,Comarca Nororiental de Málaga,Málaga
Villanueva del Trabuco,Comarca Nororiental de Málaga,Málaga
Villar de Gallimazo,Tierra de Peñaranda,Salamanca
Villar de Plasencia,Trasierra-Tierras de Granadilla,Cáceres
Villardefrades,Tierra de Campos,Valladolid
Villarejo de Salvanés,Comarca de Las Vegas,Comunidade de Madrid
Villares de la Reina,La Armuña,Salamanca
Villares del Saz,La Mancha de Cuenca,Cuenca
Villarrasa,El Condado,Huelva
Villarrobledo,Mancha Alta Albaceteña,Albacete
Villarrubio,La Mancha de Cuenca,Cuenca
Villarta de San Juan,La Mancha,Ciudad Real
Viso del Marqués,Sierra Morena,Ciudad Real
Víznar,Vega de Granada,Granada
Zafra de Záncara,La Mancha de Cuenca,Cuenca
