Name,Parish,Concelho
A1 - Canidelo,Canidelo,Vila Nova de Gaia
A1 - Saída 1A,Santa Iria de Azóia,Loures
A1 - Saída 2A,Vila Franca de Xira,Vila Franca de Xira
A1 - Saída 3,Vila Franca de Xira,Vila Franca de Xira
A1 - Saída 3A,Castanheira do Ribatejo,Vila Franca de Xira
A1 - Saída 5,Aveiras de Cima,Azambuja
A1 - Saída 5A,Vila Chã de Ourique,Cartaxo
A1 - Saída 6,Várzea,Santarém
A1 - Saída 8,Fátima,Ourém
A1 - Saída 9,Santa Eufémia,Leiria
A1 - Saída 10,Pombal,Pombal
A1 - Saída 10A,Soure,Soure
A1 - Saída 12,Ribeira de Frades,Coimbra
A1 - Saída 14,Sepins,Cantanhede
A1 - Saída 15,Nossa Senhora de Fátima,Aveiro
A1 - Saída 17,Beduído,Estarreja
A1 - Saída 18,Feira,Santa Maria da Feira
A1 - Saída 18B,Perosinho,Vila Nova de Gaia
A1 - Saída 20,Mafamude,Vila Nova de Gaia
A1 - Saída 23,São Pedro da Afurada,Vila Nova de Gaia
A1 - São João da Talha,São João da Talha,Loures
A2 - Saída 1,Pragal,Almada
A2 - Saída 2,Arrentela,Seixal
A2 - Saída 3,Quinta do Anjo,Palmela
A2 - Saída 4,Palmela,Palmela
A2 - Saída 6,Marateca,Palmela
A2 - Saída 8,São Martinho,Alcácer do Sal
A2 - Saída 9,Grândola,Grândola
A2 - Saída 11,Rio de Moinhos,Aljustrel
A2 - Saída 12,Castro Verde,Castro Verde
A2 - Saída 13,Gomes Aires,Almodôvar
A2 - Saída 14,São Bartolomeu de Messines,Silves
A3 - Início,Paranhos,Porto
A3 - Saída 2,Pedrouços,Maia
A3 - Saída 5,São Martinho,Trofa
A3 - Saída 7,Vale (São Cosme),Vila Nova de Famalicão
A3 - Saída 8,Fradelos,Braga
A3 - Saída 10,Anais,Ponte de Lima
A3 - Saída 11,Ribeira,Ponte de Lima
A3 - Saída 13,Sapardos,Vila Nova de Cerveira
A3 - Saída 14,São Pedro da Torre,Valença
A3 - Saída 15,Valença,Valença
A4 - Matosinhos,Matosinhos,Matosinhos
A4 - Saída 2,Matosinhos,Matosinhos
A4 - Saída 4,Leça do Balio,Matosinhos
A4 - Saída 5,São Mamede de Infesta,Matosinhos
A5 - Fim,Cascais,Cascais
A5 - Saída 1,Campolide,Lisboa
A5 - Saída 2,Alcântara,Lisboa
A5 - Saída 3,Benfica,Lisboa
A5 - Saída 4,Algés,Oeiras
A5 - Saída 5,Carnaxide,Oeiras
A5 - Saída 7,Paço de Arcos,Oeiras
A5 - Saída 8,São Domingos de Rana,Cascais
A5 - Saída 9,Estoril,Cascais
A5 - Saída 11,Alcabideche,Cascais
A5 - Saída 12,Cascais,Cascais
A6 - Saída 2,Vendas Novas,Vendas Novas
A6 - Saída 3,Nossa Senhora do Bispo,Montemor-o-Novo
A6 - Saída 4,Nossa Senhora da Vila,Montemor-o-Novo
A6 - Saída 5,Nossa Senhora de Guadalupe,Évora
A6 - Saída 6,Igrejinha,Arraiolos
A6 - Saída 7,Santa Maria,Estremoz
A6 - Saída 8,Matriz,Borba
A6 - Saída 9,São Brás e São Lourenço,Elvas
A6 - Saída 10,São Vicente e Ventosa,Elvas
A6 - Saída 11,Caia e São Pedro,Elvas
A6 - Saída 12,Caia e São Pedro,Elvas
A6 - Saída 13,Caia e São Pedro,Elvas
A8 - Início,Olival Basto,Odivelas
A9 CREL - Saída 3,São Brás,Amadora
A9 CREL - Saída 4,Loures,Loures
A10 - Saída 5,Benavente,Benavente
A12 - Cruzamento com a N10-8,São Sebastião,Setúbal
A12 - Saída 2,Pinhal Novo,Palmela
A12 - Saída 4,Sacavém,Loures
A13 - Saída 2,Santo Isidro de Pegões,Montijo
A13 - Saída 3,Samora Correia,Benavente
A13 - Saída 5,Foros de Salvaterra,Salvaterra de Magos
A14 - Início,São Julião,Figueira da Foz
A14 - Saída 1,São Julião,Figueira da Foz
A14 - Saída 2,Vila Verde,Figueira da Foz
A14 - Saída 3,Vila Verde,Figueira da Foz
A14 - Saída 4,Santana,Figueira da Foz
A14 - Saída 5,Montemor-o-Velho,Montemor-o-Velho
A14 - Saída 6,Tentúgal,Montemor-o-Velho
A14 - Saída 7,Ançã,Cantanhede
A14 - Saída 9,Vil de Matos,Coimbra
A16 - Saída 2,Alcabideche,Cascais
A16 - Saída 3,Alcabideche,Cascais
A16 - Saída 4-5,Alcabideche,Cascais
A16 - Saída 6,Alcabideche,Cascais
A16 - Saída 8,Algueirão-Mem Martins,Sintra
A16 - Saída 9,Santa Maria e São Miguel,Sintra
A16 - Saída 10,Algueirão-Mem Martins,Sintra
A16 - Saída 11,Algueirão-Mem Martins,Sintra
A16 - Saída 12,Belas,Sintra
A16 - Saída 13,Agualva,Sintra
A16 - Saída 14,Agualva,Sintra
A16 - Saída 15,Belas,Sintra
A20 - Saída 3,Vilar de Andorinho,Vila Nova de Gaia
A22 - Início,Bensafrim,Lagos
A22 - Saída 1,Bensafrim,Lagos
A22 - Saída 2,Bensafrim,Lagos
A22 - Saída 3,Mexilhoeira Grande,Portimão
A22 - Saída 4,Portimão,Portimão
A22 - Saída 5,Portimão,Portimão
A22 - Saída 6,Silves,Silves
A22 - Saída 7,Alcantarilha,Silves
A22 - Saída 8,Pêra,Silves
A22 - Saída 9,Ferreiras,Albufeira
A22 - Saída 11,Boliqueime,Loulé
A22 - Saída 12,São Clemente,Loulé
A22 - Saída 13,Almancil,Loulé
A22 - Saída 14,Estoi,Faro
A22 - Saída 15,Moncarapacho,Olhão
A22 - Saída 16,Santiago,Tavira
A22 - Saída 17,Altura,Castro Marim
A22 - Saída 18,Castro Marim,Castro Marim
A23 - Saída 1,Zibreira,Torres Novas
A23 - Saída 2,Santa Maria,Torres Novas
A23 - Saída 3,Nossa Senhora de Fátima,Entroncamento
A23 - Saída 5,Asseiceira,Tomar
A23 - Saída 6,Praia do Ribatejo,Vila Nova da Barquinha
A23 - Saída 7,Constância,Constância
A23 - Saída 8,Rio de Moinhos,Abrantes
A23 - Saída 9,São Vicente,Abrantes
A23 - Saída 10,Alferrarede,Abrantes
A23 - Saída 11,Mouriscas,Abrantes
A23 - Saída 12,Penhascoso,Mação
A23 - Saída 13,Belver,Gavião
A23 - Saída 14,Envendos,Mação
A23 - Saída 15,Fratel,Vila Velha de Ródão
A23 - Saída 16,Fratel,Vila Velha de Ródão
A23 - Saída 17,Fratel,Vila Velha de Ródão
A23 - Saída 18,Fratel,Vila Velha de Ródão
A23 - Saída 19,Vila Velha de Ródão,Vila Velha de Ródão
A23 - Saída 20,Retaxo,Castelo Branco
A23 - Saída 21,Benquerenças,Castelo Branco
A23 - Saída 22,Castelo Branco,Castelo Branco
A23 - Saída 23,Castelo Branco,Castelo Branco
A23 - Saída 24,Alcains,Castelo Branco
A23 - Saída 25,Lardosa,Castelo Branco
A23 - Saída 26,Castelo Novo,Fundão
A23 - Saída 27,Castelo Novo,Fundão
A23 - Saída 28,Donas,Fundão
A23 - Saída 29,Valverde,Fundão
A23 - Saída 30,Ferro,Covilhã
A23 - Saída 31,Ferro,Covilhã
A23 - Saída 32,Caria,Belmonte
A23 - Saída 33,Maçainhas,Belmonte
A23 - Saída 34,Benespera,Guarda
A23 - Saída 35,Guarda,Guarda
A24 - Saída 2,São Cipriano,Viseu
A25 - Início,Gafanha da Nazaré,Ílhavo
A25 - Saída 1,Gafanha da Encarnação,Ílhavo
A25 - Saída 1A,Gafanha da Nazaré,Ílhavo
A25 - Saída 2,Gafanha da Nazaré,Ílhavo
A25 - Saída 3,Glória,Aveiro
A25 - Saída 3A,Esgueira,Aveiro
A25 - Saída 4,Esgueira,Aveiro
A25 - Saída 5A,Esgueira,Aveiro
A25 - Saída 6,Fermelã,Estarreja
A25 - Saída 8,Albergaria-a-Velha,Albergaria-a-Velha
A25 - Saída 9,Macinhata do Vouga,Águeda
A25 - Saída 10,Talhadas,Sever do Vouga
A25 - Saída 11,Reigoso,Oliveira de Frades
A25 - Saída 12,Campia,Vouzela
A25 - Saída 13,Cambra,Vouzela
A25 - Saída 14,Paços de Vilharigues,Vouzela
A25 - Saída 15,Ventosa,Vouzela
A25 - Saída 16,Boaldeia,Viseu
A25 - Saída 16A,Boaldeia,Viseu
A25 - Saída 18,São João de Lourosa,Viseu
A25 - Saída 19,Rio de Loba,Viseu
A25 - Saída 20,Fragosela,Viseu
A25 - Saída 21,Fornos de Maceira Dão,Mangualde
A25 - Saída 22,Mangualde,Mangualde
A25 - Saída 23,Chãs de Tavares,Mangualde
A25 - Saída 24,Fornos de Algodres,Fornos de Algodres
A25 - Saída 25,São Pedro,Celorico da Beira
A25 - Saída 26,São Pedro,Celorico da Beira
A25 - Saída 27,Ratoeira,Celorico da Beira
A25 - Saída 28,Açores,Celorico da Beira
A25 - Saída 28A,Açores,Celorico da Beira
A25 - Saída 29,Arrifana,Guarda
A25 - Saída 31,Pínzio,Pinhel
A25 - Saída 32,Freixo,Almeida
A25 - Saída 33,Vilar Formoso,Almeida
A26 - Fim,Figueira dos Cavaleiros,Ferreira do Alentejo
A26 - Saída 2,Sines,Sines
A26 - Saída 3,Santiago do Cacém,Santiago do Cacém
A26 - Saída 4,Santiago do Cacém,Santiago do Cacém
A26-1 - Saída 1,Sines,Sines
A26-1 - Saída 2,Santo André,Santiago do Cacém
A26-1 - Saída 3,Santo André,Santiago do Cacém
A28 - Saída 3,Ramalde,Porto
A28 - Saída 5,Matosinhos,Matosinhos
A28 - Saída 6,Leça da Palmeira,Matosinhos
A28 - Saída 7,Leça da Palmeira,Matosinhos
A28 - Saída 8,Perafita,Matosinhos
A28 - Saída 9,Perafita,Matosinhos
A28 - Saída 10,Perafita,Matosinhos
A28 - Saída 12,Lavra,Matosinhos
Achada do Gamo,Santana de Cambas,Mértola
Adega da Herdade da Comporta,Comporta,Alcácer do Sal
Aeródromo de Portimão,Alvor,Portimão
Aeródromo de Tires,São Domingos de Rana,Cascais
Aeródromo de Viseu,Abraveses,Viseu
Aeroporto de Beja,São Brissos,Beja
Aeroporto de Faro,Montenegro,Faro
Aeroporto de Lisboa - Terminal 1,Santa Maria dos Olivais,Lisboa
Aeroporto de Lisboa - Terminal 2,Santa Maria dos Olivais,Lisboa
Afonso Vicente,Alcoutim,Alcoutim
Águas de Moura,Marateca,Palmela
"Álamo, Alcoutim",Alcoutim,Alcoutim
"Álamo, Mértola",Espírito Santo,Mértola
Albernoa,Albernoa,Beja
Albufeira - Centro histórico,Albufeira,Albufeira
Albufeira - Rua da Oura,Albufeira,Albufeira
Alcácer do Sal,Santa Maria do Castelo,Alcácer do Sal
Alcantarilha,Alcantarilha,Silves
Alcaria dos Javazes,Espírito Santo,Mértola
Alcaria,Odeleite,Castro Marim
Alcarias Grandes,Azinhal,Castro Marim
Alcoutim,Alcoutim,Alcoutim
Aldeia de Juso,Cascais,Cascais
Alferce,Alferce,Monchique
Algar de Benagil,Lagoa,Lagoa
Algarve Shopping,Guia,Albufeira
Algoz,Algoz,Silves
Aljezur,Aljezur,Aljezur
Aljustrel,Aljustrel,Aljustrel
Almada de Ouro,Azinhal,Castro Marim
Almancil,Almancil,Loulé
Almodôvar,Almodôvar,Almodôvar
Alta Mora,Odeleite,Castro Marim
Alte,Alte,Loulé
Altura,Altura,Castro Marim
Alves,Santana de Cambas,Mértola
Alvito,Alvito,Alvito
Alvor,Alvor,Portimão
Amareleja,Amareleja,Moura
Ameixal,Ameixal,Loulé
Aqualand Algarve,Alcantarilha,Silves
Aquashow,Quarteira,Loulé
Área de Repouso de Castro Marim,Castro Marim,Castro Marim
Área de Serviço da Guarda,Arrifana,Guarda
Área de Serviço de Abrantes,Alferrarede,Abrantes
Área de Serviço de Alcácer do Sal,Santa Maria do Castelo,Alcácer do Sal
Área de Serviço de Alcochete,Samouco,Alcochete
Área de Serviço de Aljustrel,São João de Negrilhos,Aljustrel
Área de Serviço de Almodôvar,Gomes Aires,Almodôvar
Área de Serviço de Antuã-Estarreja,Salreu,Estarreja
Área de Serviço de Aveiras,Aveiras de Cima,Azambuja
Área de Serviço de Aveiro,Cacia,Aveiro
Área de Serviço de Barcelos,Alheira,Barcelos
Área de Serviço de Castelo Branco,Castelo Branco,Castelo Branco
Área de Serviço de Celorico da Beira,Lajeosa do Mondego,Celorico da Beira
Área de Serviço de Coronado/Trofa,São Mamede,Trofa
Área de Serviço de Estremoz,São Bento do Ameixial,Estremoz
Área de Serviço de Gafanha da Nazaré,Gafanha da Nazaré,Ílhavo
Área de Serviço de Gaia,Mafamude,Vila Nova de Gaia
Área de Serviço de Grândola,Grândola,Grândola
Área de Serviço de Lagos,Bensafrim,Lagos
Área de Serviço de Leiria,Arrabal,Leiria
Área de Serviço de Loulé,Boliqueime,Loulé
Área de Serviço de Mangualde,Mangualde,Mangualde
Área de Serviço de Matosinhos,Custóias,Matosinhos
Área de Serviço de Mealhada-Cantanhede,Murtede,Cantanhede
Área de Serviço de Mira-Sintra,Mira-Sintra,Sintra
Área de Serviço de Montemor-o-Novo,Nossa Senhora da Vila,Montemor-o-Novo
Área de Serviço de Montijo,Canha,Montijo
Área de Serviço de Oeiras,Paço de Arcos,Oeiras
Área de Serviço de Olhão,Moncarapacho,Olhão
Área de Serviço de Palmela,Palmela,Palmela
Área de Serviço de Pombal,Redinha,Pombal
Área de Serviço de Santarém,Casével,Santarém
Área de Serviço de Seixal,Amora,Seixal
Área de Serviço de Senhora da Hora,Senhora da Hora,Matosinhos
Área de Serviço de Silves,Silves,Silves
Área de Serviço de Sintra,São Pedro de Penaferrim,Sintra
Área de Serviço de Vendas Novas,Landeira,Vendas Novas
Área de Serviço de Vila Velha de Ródão,Fratel,Vila Velha de Ródão
Área de Serviço de Viseu,São João de Lourosa,Viseu
Área de Serviço de Vouzela,Campia,Vouzela
Área de Serviço do Alto de Leomil,Castelo Mendo,Almeida
Área de Serviço do Fundão,Alcaria,Fundão
Armação de Pêra,Armação de Pêra,Silves
Autódromo Internacional do Algarve,Mexilhoeira Grande,Portimão
"Avenida da República x Avenida Dom Afonso Henriques, Matosinhos",Matosinhos,Matosinhos
"Avenida Engenheiro Duarte Pacheco, Lisboa",Campolide,Lisboa
Azinhal,Azinhal,Castro Marim
Azóia,Colares,Sintra
Badoca Safari Park,Santo André,Santiago do Cacém
Balurco de Baixo,Alcoutim,Alcoutim
Balurco de Cima,Alcoutim,Alcoutim
Bar do Rio,Alcoutim,Alcoutim
Barão de São João,Barão de São João,Lagos
Barão de São Miguel,Barão de São Miguel,Vila do Bispo
Barra do Guadiana,Vila Real de Santo António,Vila Real de Santo António
Barragem da Bravura,Bensafrim,Lagos
Barragem de Alcoutim,Alcoutim,Alcoutim
Barragem de Odeleite,Odeleite,Castro Marim
Barragem de Santa Clara,Santa Clara-a-Velha,Odemira
Barragem do Alqueva,São João Baptista,Moura
Barragem do Beliche,Castro Marim,Castro Marim
Barragem do Pego do Altar,Santa Susana,Alcácer do Sal
Barranco das Pereiras,Alcoutim,Alcoutim
Barranco do Velho,Salir,Loulé
Barrancos,Barrancos,Barrancos
Beja,Santa Maria da Feira,Beja
Beliche,Castro Marim,Castro Marim
Benafim,Benafim,Loulé
Bens,Santana de Cambas,Mértola
Bensafrim,Bensafrim,Lagos
Besteiros,Espírito Santo,Mértola
Bicada,Espírito Santo,Mértola
Birre,Cascais,Cascais
Boavista,Espírito Santo,Mértola
Boliqueime,Boliqueime,Loulé
Bordeira,Bordeira,Aljezur
Botelhas,Castro Marim,Castro Marim
Brinhosa,Odeleite,Castro Marim
Budens,Budens,Vila do Bispo
Burgau,Budens,Vila do Bispo
Cabanas de Tavira,Cabanas de Tavira,Tavira
Cabeço da Junqueira,Castro Marim,Castro Marim
Cabo da Roca,Colares,Sintra
Cabo de Santa Maria,Sé,Faro
Cabo de São Vicente,Sagres,Vila do Bispo
Cacela Velha,Vila Nova de Cacela,Vila Real de Santo António
Cachopo,Cachopo,Tavira
Cais da Mesquita,Espírito Santo,Mértola
Cais da Praia do Barril,Santa Luzia,Tavira
Cais Palafítico da Carrasqueira,Comporta,Alcácer do Sal
Caldas de Monchique,Monchique,Monchique
"Campo de Madalena, Viseu",Campo,Viseu
Canal Caveira,Grândola,Grândola
Carrapateira,Bordeira,Aljezur
Carvalhal,Carvalhal,Grândola
Carvoeiro,Carvoeiro,Lagoa
"Casa Branca, Alcoutim",Alcoutim,Alcoutim
"Casa Branca, Castro Marim",Odeleite,Castro Marim
Cascata do Pego do Inferno,Santo Estêvão,Tavira
Cascata do Pulo do Lobo - Margem Direita,Mértola,Mértola
Cascata do Pulo do Lobo - Margem Esquerda,Santa Maria,Serpa
Casinhas,Castro Marim,Castro Marim
Castelo de Paderne,Paderne,Albufeira
Castro de Alferce,Alferce,Monchique
Castro Marim,Castro Marim,Castro Marim
Castro Marim Golfe & Country Club,Castro Marim,Castro Marim
Castro Verde,Castro Verde,Castro Verde
Cercado,Alcoutim,Alcoutim
Cercal do Alentejo,Cercal do Alentejo,Santiago do Cacém
Cerro,Alcoutim,Alcoutim
Cerro do Enho,Castro Marim,Castro Marim
Choça Queimada,Odeleite,Castro Marim
Coito,Pereiro,Alcoutim
Colos,Colos,Odemira
Comporta,Comporta,Alcácer do Sal
"Conceição, Faro",Conceição,Faro
"Conceição, Tavira",Conceição,Tavira
Corte da Seda,Alcoutim,Alcoutim
Corte das Donas,Alcoutim,Alcoutim
Corte do Gago,Azinhal,Castro Marim
Corte João Marques,Ameixal,Loulé
Corte Nova,Odeleite,Castro Marim
Corte Tabelião,Alcoutim,Alcoutim
Corte Velha,Odeleite,Castro Marim
Cortes Pereiras,Alcoutim,Alcoutim
Cruz de João Mendes,São Francisco da Serra,Santiago do Cacém
Cruzamento da A1 com a A9 CREL,Alverca do Ribatejo,Vila Franca de Xira
Cruzamento da A1 com a A10,Carregado,Alenquer
Cruzamento da A1 com a A12 e a IC17 CRIL,Prior Velho,Loures
Cruzamento da A1 com a A13-1,Sebal,Condeixa-a-Nova
Cruzamento da A1 com a A14,Vil de Matos,Coimbra
Cruzamento da A1 com a A15,Várzea,Santarém
Cruzamento da A1 com a A20,Pedroso,Vila Nova de Gaia
Cruzamento da A1 com a A23,Bugalhos,Alcanena
Cruzamento da A1 com a A25,Albergaria-a-Velha,Albergaria-a-Velha
Cruzamento da A1 com a A29,Vilar de Andorinho,Vila Nova de Gaia
Cruzamento da A1 com a A41 CREP,Nogueira da Regedoura,Santa Maria da Feira
Cruzamento da A1 com a A44,Vilar do Paraíso,Vila Nova de Gaia
Cruzamento da A2 com a A6 e a A13,Landeira,Vendas Novas
Cruzamento da A2 com a A12,Palmela,Palmela
Cruzamento da A2 com a A22,Paderne,Albufeira
Cruzamento da A2 com a A26,Azinheira dos Barros e São Mamede do Sádão,Grândola
Cruzamento da A3 com a A4,Pedrouços,Maia
Cruzamento da A3 com a A7,Cabeçudos,Vila Nova de Famalicão
Cruzamento da A3 com a A11,Sequeira,Braga
Cruzamento da A3 com a A27,Refóios do Lima,Ponte de Lima
Cruzamento da A3 com a A41 CREP,São Pedro Fins,Maia
Cruzamento da A4 com a A28,Matosinhos,Matosinhos
Cruzamento da A4 com a VRI,Custóias,Matosinhos
Cruzamento da A5 com a A9 CREL,Queijas,Oeiras
Cruzamento da A9 CREL com o IC19,Barcarena,Oeiras
Cruzamento da A10 com a A13,Benavente,Benavente
Cruzamento da A12 com a A33,Montijo,Montijo
Cruzamento da A13 com a A23,Atalaia,Vila Nova da Barquinha
Cruzamento da A14 com a A17,Maiorca,Figueira da Foz
Cruzamento da A16 com a A5,Alcabideche,Cascais
Cruzamento da A16 com a A9 CREL,Belas,Sintra
Cruzamento da A16 com o IC19,São Pedro de Penaferrim,Sintra
Cruzamento da A17 com a A25,Eixo,Aveiro
Cruzamento da A20 com a A28,Ramalde,Porto
Cruzamento da A20 com a A29,Vilar de Andorinho,Vila Nova de Gaia
Cruzamento da A20 com a A32,Pedroso,Vila Nova de Gaia
Cruzamento da A20 com a A43,Campanhã,Porto
Cruzamento da A20 com a A44,Oliveira do Douro,Vila Nova de Gaia
Cruzamento da A23 com a A25,Arrifana,Guarda
Cruzamento da A24 com a A25 e o IP3,São Cipriano,Viseu
Cruzamento da A25 com a A29,Angeja,Albergaria-a-Velha
Cruzamento da A26 com a A26-1,Sines,Sines
Cruzamento da A28 com a A41,Perafita,Matosinhos
Cruzamento da IC17 CRIL com o IC19,Benfica,Lisboa
Cruzamento da IC17 CRIL com o IC22,Olival Basto,Odivelas
Cruzamento da M509 com a M512,Azinhal,Castro Marim
Cruzamento da M524 com a M525,Tôr,Loulé
Cruzamento da M544 com a N261,Santo André,Santiago do Cacém
Cruzamento da N5 com a N262,Torrão,Alcácer do Sal
Cruzamento da N120 com a N120-1,Cercal do Alentejo,Santiago do Cacém
Cruzamento da N120 com a N121,Santiago do Cacém,Santiago do Cacém
Cruzamento da N120 com a N125,São Sebastião,Lagos
Cruzamento da N120 com a N268,Aljezur,Aljezur
Cruzamento da N122 com a M507,Pereiro,Alcoutim
Cruzamento da N122 com a M507-2,Alcoutim,Alcoutim
Cruzamento da N122 com a M512,Azinhal,Castro Marim
Cruzamento da N122 com a M1059,Alcoutim,Alcoutim
Cruzamento da N122 com a M1060,Odeleite,Castro Marim
Cruzamento da N122 com a M1063,Odeleite,Castro Marim
Cruzamento da N122 com a N123,Mértola,Mértola
Cruzamento da N122 com a N267,Mértola,Mértola
Cruzamento da N123 com a N263,Santa Maria,Odemira
Cruzamento da N123-1 com a N263,Santa Luzia,Ourique
Cruzamento da N124 com a M507-1,Giões,Alcoutim
Cruzamento da N124 com a N125,Portimão,Portimão
Cruzamento da N124 com a N266,Portimão,Portimão
Cruzamento da N124 com a N270,São Bartolomeu de Messines,Silves
Cruzamento da N124 com a N396,Querença,Loulé
Cruzamento da N124-1 com a N125,Lagoa,Lagoa
Cruzamento da N125 com a M516-2,Moncarapacho,Olhão
Cruzamento da N125 com a M526,Boliqueime,Loulé
Cruzamento da N125 com a M531-1,Alvor,Portimão
Cruzamento da N125 com a M535,Budens,Vila do Bispo
Cruzamento da N125 com a M537-2,Budens,Vila do Bispo
Cruzamento da N125 com a M1347,Santiago,Tavira
Cruzamento da N125 com a N125-6,Castro Marim,Castro Marim
Cruzamento da N125 com a N269,Ferreiras,Albufeira
Cruzamento da N125 com a N395,Ferreiras,Albufeira
Cruzamento da N125 com a N396,São Clemente,Loulé
Cruzamento da N125 com a N398,Quelfes,Olhão
Cruzamento da N125-4 com a M521,São Clemente,Loulé
Cruzamento da N265 com a N392,Salvador,Serpa
Cruzamento da N266 com a N267 Oeste,Monchique,Monchique
Cruzamento da N269 com a N269-2,Tunes,Silves
Cruzamento do Eixo Norte-Sul com a Segunda Circular,Lumiar,Lisboa
Cruzamento do IC1 com o IP8,Grândola,Grândola
Cruzamento do IC4 com a M520,São Pedro,Faro
Cruzamento do IC4 com a N125,Almancil,Loulé
Cruzamento do IC16 com a IC17 CRIL,Encosta do Sol,Amadora
Cruzamento do IP3 com o IC2,Trouxemil,Coimbra
Cuba,Cuba,Cuba
Culatra,Sé,Faro
Deserto,Alcoutim,Alcoutim
Dunas de Vila Real de Santo António,Vila Real de Santo António,Vila Real de Santo António
Eixo Norte-Sul - Alcântara,Alcântara,Lisboa
Eixo Norte-Sul - Campolide,Campolide,Lisboa
Eixo Norte-Sul - Fim,Camarate,Loures
Eixo Norte-Sul - Radial de Benfica,Campolide,Lisboa
Entradas,Entradas,Castro Verde
Ervidel,Ervidel,Aljustrel
Espiche,Luz,Lagos
Espírito Santo,Espírito Santo,Mértola
Estação VC Fashion Outlet / Modivas,Modivas,Vila do Conde
"Estação Aeroporto, Metro de Lisboa",Santa Maria dos Olivais,Lisboa
Estação Alameda,São Jorge de Arroios,Lisboa
Estação Aliados,Santo Ildefonso,Porto
Estação Alto de Pega,Vila do Conde,Vila do Conde
Estação Árvore,Árvore,Vila do Conde
Estação Azurara,Azurara,Vila do Conde
Estação Baguim,Baguim do Monte,Gondomar
Estação Bela Vista,Marvila,Lisboa
Estação Bolhão,Santo Ildefonso,Porto
Estação Cabo Ruivo,Santa Maria de Olivais,Lisboa
Estação Câmara de Gaia,Mafamude,Vila Nova de Gaia
Estação Câmara de Matosinhos,Matosinhos,Matosinhos
Estação Campainha,Rio Tinto,Gondomar
Estação Campo 24 de Agosto,Bonfim,Porto
Estação Carolina Michaelis,Cedofeita,Porto
Estação Carreira,Rio Tinto,Gondomar
Estação Casa da Música,Cedofeita,Porto
Estação Chelas,Marvila,Lisboa
Estação Combatentes,Paranhos,Porto
Estação Crestins,Moreira,Maia
Estação Custóias,Custóias,Matosinhos
Estação D. João II,Mafamude,Vila Nova de Gaia
Estação da Azambuja,Azambuja,Azambuja
Estação da Casa Branca,Santiago do Escoural,Montemor-o-Novo
Estação da Guarda,Guarda,Guarda
Estação da Luz,Luz de Tavira,Tavira
Estação da Parede,Parede,Cascais
Estação da Porta Nova,Santa Maria,Tavira
Estação da Póvoa,Póvoa de Santa Iria,Vila Franca de Xira
Estação das Mercês,Algueirão-Mem Martins,Sintra
Estação de Abrantes,São Miguel do Rio Torto,Abrantes
Estação de Adémia,Trouxemil,Coimbra
Estação de Afife,Afife,Viana do Castelo
Estação de Agualva - Cacém,Agualva,Sintra
Estação de Águas Santas/Palmilheira,Águas Santas,Maia
Estação de Aguda,Arcozelo,Vila Nova de Gaia
Estação de Águeda,Águeda,Águeda
Estação de Aguieira,Valongo do Vouga,Águeda
Estação de Aguim,Aguim,Anadia
Estação de Albergaria dos Doze,Albergaria dos Doze,Pombal
Estação de Albergaria-a-Nova,Branca,Albergaria-a-Velha
Estação de Albergaria-a-Velha,Albergaria-a-Velha,Albergaria-a-Velha
Estação de Albufeira - Ferreiras,Ferreiras,Albufeira
Estação de Alcáçovas,Nossa Senhora da Tourega,Évora
Estação de Alcaide,Alcaide,Fundão
Estação de Alcains,Alcains,Castelo Branco
Estação de Alcântara-Mar,Prazeres,Lisboa
Estação de Alcântara-Terra,Prazeres,Lisboa
Estação de Alcantarilha,Alcantarilha,Silves
Estação de Alcaria,Alcaria,Fundão
Estação de Aldeia,Castelo Bom,Almeida
Estação de Alegria,Linhares,Carrazeda de Ansiães
Estação de Alfarelos,Granja do Ulmeiro,Soure
Estação de Alferrarede,Alferrarede,Abrantes
Estação de Algés,Algés,Oeiras
Estação de Algueirão - Mem Martins,Algueirão-Mem Martins,Sintra
Estação de Alhandra,Alhandra,Vila Franca de Xira
Estação de Alhos Vedros,Alhos Vedros,Moita
Estação de Almancil,Almancil,Loulé
Estação de Almourol,Praia do Ribatejo,Vila Nova da Barquinha
Estação de Alpedrinha,Alpedrinha,Fundão
Estação de Alvarães,Alvarães,Viana do Castelo
Estação de Alvega-Ortiga,Ortiga,Mação
Estação de Alverca,Alverca do Ribatejo,Vila Franca de Xira
Estação de Alvito,Alvito,Alvito
Estação de Amadora,Mina de Água,Amadora
Estação de Amial,Ameal,Coimbra
Estação de Amoreiras - Odemira,São Martinho das Amoreiras,Odemira
Estação de Âncora-Praia,Vila Praia de Âncora,Caminha
Estação de Aregos,Santa Cruz do Douro,Baião
Estação de Areia - Darque,Darque,Viana do Castelo
Estação de Arentim,Arentim,Braga
Estação de Areosa,Areosa,Viana do Castelo
Estação de Arrifana,Arrifana,Santa Maria da Feira
Estação de Arronches,Assunção,Arronches
Estação de Assumar,Assumar,Monforte
Estação de Avanca,Avanca,Estarreja
Estação de Aveiro,Vera Cruz,Aveiro
Estação de Aveleda,Aveleda,Braga
Estação de Azurva,Eixo,Aveiro
Estação de Baixa da Banheira,Baixa da Banheira,Moita
Estação de Baraçal,Baraçal,Celorico da Beira
Estação de Barca da Amieira - Envendos,Envendos,Mação
Estação de Barcelos,Arcozelo,Barcelos
Estação de Barqueiros,Barqueiros,Mesão Frio
Estação de Barquinha,Vila Nova da Barquinha,Vila Nova da Barquinha
Estação de Barragem de Belver,Ortiga,Mação
Estação de Barreiro-A,Barreiro,Barreiro
Estação de Barrimau,Calendário,Vila Nova de Famalicão
Estação de Barroselas,Barroselas,Viana do Castelo
Estação de Belém,Santa Maria de Belém,Lisboa
Estação de Belmonte-Manteigas,Belmonte,Belmonte
Estação de Belver,Belver,Gavião
Estação de Bemposta,São Facundo,Abrantes
Estação de Bencanta,São Martinho do Bispo,Coimbra
Estação de Benespera,Benespera,Guarda
Estação de Benfica,Benfica,Lisboa
Estação de Benquerenças,Benquerenças,Castelo Branco
Estação de Bifurcação de Lares,Abrunheira,Montemor-o-Velho
Estação de Bobadela,Bobadela,Loures
Estação de Boliqueime,Boliqueime,Loulé
Estação de Bom João,Sé,Faro
Estação de Bombarral,Bombarral,Bombarral
Estação de Braço de Prata,Marvila,Lisboa
Estação de Braga,Maximinos,Braga
Estação de Branca,Branca,Albergaria-a-Velha
Estação de Bustelo,Bustelo,Penafiel
Estação de Cabanões,Travassô,Águeda
Estação de Cabeda,Alfena,Valongo
Estação de Cacela,Vila Nova de Cacela,Vila Real de Santo António
Estação de Cacia,Cacia,Aveiro
Estação de Caíde,Caíde de Rei,Lousada
Estação de Cais do Sodré,São Paulo,Lisboa
Estação de Caldas da Rainha,Santo Onofre,Caldas da Rainha
Estação de Caldas de Moledo,Fontelas,Peso da Régua
Estação de Caminha,Caminha (Matriz),Caminha
Estação de Campolide,Campolide,Lisboa
Estação de Canas-Felgueira,Canas de Senhorim,Nelas
Estação de Canelas,Canelas,Estarreja
Estação de Caniços,Bairro,Vila Nova de Famalicão
Estação de Carapeços,Carapeços,Barcelos
Estação de Carcavelos,Carcavelos,Cascais
Estação de Caria,Caria,Belmonte
Estação de Carrascal-Delongo,Paialvo,Tomar
Estação de Carreço,Carreço,Viana do Castelo
Estação de Carregal do Sal,Currelos,Carregal do Sal
Estação de Carreira,Carreira,Barcelos
Estação de Carvalha,Campos,Vila Nova de Cerveira
Estação de Carvalhal da Portela,Valongo do Vouga,Águeda
Estação de Carvalheira-Maceda,Maceda,Ovar
Estação de Carvalhos de Figueiredo,Madalena,Tomar
Estação de Casais,São Martinho do Bispo,Coimbra
Estação de Casal do Álvaro,Espinhel,Águeda
Estação de Cascais,Cascais,Cascais
Estação de Castanheira do Ribatejo,Castanheira do Ribatejo,Vila Franca de Xira
Estação de Castelejo,São João de Areias,Santa Comba Dão
Estação de Castelo Branco,Castelo Branco,Castelo Branco
Estação de Castelo Novo,Castelo Novo,Fundão
Estação de Castro Marim,Castro Marim,Castro Marim
Estação de Cavaco,Feira,Santa Maria da Feira
Estação de Caxarias,Caxarias,Ourém
Estação de Caxias,Caxias,Oeiras
Estação de Celorico da Beira,Forno Telheiro,Celorico da Beira
Estação de Cerdeira,Cerdeira,Sabugal
Estação de Cête,Cete,Paredes
Estação de Chança,Chancelaria,Alter do Chão
Estação de Chão de Maçãs-Fátima,Sabacheira,Tomar
Estação de Coimbra,São Bartolomeu,Coimbra
Estação de Coimbra-B,Eiras,Coimbra
Estação de Coimbrões,Canidelo,Vila Nova de Gaia
Estação de Coina,Aldeia de Paio Pires,Seixal
Estação de Corroios,Corroios,Seixal
Estação de Cortegaça,Cortegaça,Ovar
Estação de Couto de Cambeses,Cambeses,Barcelos
Estação de Couto de Cucujães,Vila de Cucujães,Oliveira de Azeméis
Estação de Covas,Urgezes,Guimarães
Estação de Covelinhas,Covelinhas,Peso da Régua
Estação de Covilhã,São Pedro,Covilhã
Estação de Crato,Crato e Mártires,Crato
Estação de Cruz Quebrada,Cruz Quebrada - Dafundo,Oeiras
Estação de Cuca,Moreira de Cónegos,Guimarães
Estação de Curia,Tamengos,Anadia
Estação de Curvaceiras,Madalena,Tomar
Estação de Dagorda - Peniche,Santa Maria,Óbidos
Estação de Darque,Darque,Viana do Castelo
Estação de Dois Portos,Dois Portos,Torres Vedras
Estação de Donas,Donas,Fundão
Estação de Durrães,Durrães,Barcelos
Estação de Eirol,Eirol,Aveiro
Estação de Eixo,Eixo,Aveiro
Estação de Elvas,Caia e São Pedro,Elvas
Estação de Entrecampos,Nossa Senhora de Fátima,Lisboa
Estação de Ermesinde,Ermesinde,Valongo
Estação de Ermida,Santa Marinha do Zêzere,Baião
Estação de Ermidas - Sado,Ermidas - Sado,Santiago do Cacém
Estação de Escapães,Escapães,Santa Maria da Feira
Estação de Esgueira,Esgueira,Aveiro
Estação de Esmeriz,Esmeriz,Vila Nova de Famalicão
Estação de Esmoriz,Esmoriz,Ovar
Estação de Espadanal da Azambuja,Vila Nova da Rainha,Azambuja
Estação de Espadaneira,São Martinho do Bispo,Coimbra
Estação de Espinho,Espinho,Espinho
Estação de Espinho-Vouga,Espinho,Espinho
Estação de Esqueiro,Lanhelas,Caminha
Estação de Estarreja,Beduído,Estarreja
Estação de Estômbar - Lagoa,Estômbar,Lagoa
Estação de Évora,Horta das Figueiras,Évora
Estação de Famalicão,Calendário,Vila Nova de Famalicão
Estação de Famalicão da Nazaré,Famalicão,Nazaré
Estação de Faria,Vila de Cucujães,Oliveira de Azeméis
Estação de Faro,São Pedro,Faro
Estação de Fatela - Penamacor,Enxames,Fundão
Estação de Feliteira,Dois Portos,Torres Vedras
Estação de Fernando Pó,Marateca,Palmela
Estação de Ferradosa,Vale da Figueira,São João da Pesqueira
Estação de Ferragudo,Parchal,Lagoa
Estação de Ferrão,Covas do Douro,Sabrosa
Estação de Ferreiros,Ferreiros,Braga
Estação de Figueira da Foz,São Julião,Figueira da Foz
Estação de Figueiredo,Pinheiro da Bemposta,Oliveira de Azeméis
Estação de Fogueteiro,Arrentela,Seixal
Estação de Fontela,Vila Verde,Figueira da Foz
Estação de Fontela-A,Vila Verde,Figueira da Foz
Estação de Formoselha,Santo Varão,Montemor-o-Velho
Estação de Fornos de Algodres,Fornos de Algodres,Fornos de Algodres
Estação de Foros de Amora,Amora,Seixal
Estação de Francelos,Gulpilhares,Vila Nova de Gaia
Estação de Fratel,Fratel,Vila Velha de Ródão
Estação de Freineda,Freineda,Almeida
Estação de Freixo de Numão - Mós do Douro,Mós,Vila Nova de Foz Côa
Estação de Funcheira,Garvão,Ourique
Estação de Fundão,Fundão,Fundão
Estação de Fungalvaz,Assentiz,Torres Novas
Estação de Fuseta-A,Fuseta,Olhão
Estação de Fuseta-Moncarapacho,Moncarapacho,Olhão
Estação de Gata,Casal de Cinza,Guarda
Estação de General Torres,Santa Marinha,Vila Nova de Gaia
Estação de Giesteira,Lordelo,Guimarães
Estação de Godim,Godim,Peso da Régua
Estação de Gondarém,Gondarém,Vila Nova de Cerveira
Estação de Gouveia,Abrunhosa-a-Velha,Mangualde
Estação de Granja,São Félix da Marinha,Vila Nova de Gaia
Estação de Guia,Guia,Pombal
Estação de Guimarães,Urgezes,Guimarães
Estação de Irivo,Irivo,Penafiel
Estação de Jerumelo,Sapataria,Sobral de Monte Agraço
Estação de Juncal,Paredes de Viadores,Marco de Canaveses
Estação de Lagos,São Sebastião,Lagos
Estação de Lamarosa,Olaia,Torres Novas
Estação de Lapa do Lobo,Lapa do Lobo,Nelas
Estação de Lapa,São Paio de Oleiros,Santa Maria da Feira
Estação de Lardosa,Lardosa,Castelo Branco
Estação de Lares,Vila Verde,Figueira da Foz
Estação de Leandro,São Pedro Fins,Maia
Estação de Leiria,Marrazes,Leiria
Estação de Lisboa - Santa Apolónia,Santa Engrácia,Lisboa
Estação de Litém,São Simão de Litém,Pombal
Estação de Livração,Constance,Marco de Canaveses
Estação de Lordelo,Lordelo,Guimarães
Estação de Loulé,São Sebastião,Loulé
Estação de Louriçal,Carriço,Pombal
Estação de Louro,Louro,Vila Nova de Famalicão
Estação de Lousado,Lousado,Vila Nova de Famalicão
Estação de Luso - Buçaco,Luso,Mealhada
Estação de Maçainhas,Maçainhas,Belmonte
Estação de Macinhata do Vouga,Macinhata do Vouga,Águeda
Estação de Madalena,Madalena,Vila Nova de Gaia
Estação de Mafra,Igreja Nova,Mafra
Estação de Malveira,Malveira,Mafra
Estação de Mangualde,Mangualde,Mangualde
Estação de Marco de Canaveses,Rio de Galinhas,Marco de Canaveses
Estação de Marinha Grande,Marinha Grande,Marinha Grande
Estação de Martingança,Martingança,Alcobaça
Estação de Marujal,Vila Nova da Barca,Montemor-o-Velho
Estação de Marvila,Marvila,Lisboa
Estação de Massamá - Barcarena,Massamá,Sintra
Estação de Mato de Miranda,Azinhaga,Golegã
Estação de Mazagão,Aveleda,Braga
Estação de Mealhada,Mealhada,Mealhada
Estação de Meinedo,Meinedo,Lousada
Estação de Messines - Alte,São Bartolomeu de Messines,Silves
Estação de Metro de Contumil,Campanhã,Porto
Estação de Metro de Rio Tinto,Rio Tinto,Gondomar
Estação de Midões,Midões,Barcelos
Estação de Mira Sintra - Meleças,Belas,Sintra
Estação de Miramar,Arcozelo,Vila Nova de Gaia
Estação de Mirão,São Tomé de Covelas,Baião
Estação de Miuzela,Miuzela,Almeida
Estação de Mogofores,Mogofores,Anadia
Estação de Moimenta-Alcafache,Espinho,Mangualde
Estação de Moita,Moita,Moita
Estação de Moledo do Minho,Moledo,Caminha
Estação de Monte Abraão,Queluz,Sintra
Estação de Monte de Lobos,Vale de Remígio,Mortágua
Estação de Monte de Paramos,Paramos,Espinho
Estação de Monte Estoril,Estoril,Cascais
Estação de Monte Gordo,Monte Gordo,Vila Real de Santo António
Estação de Monte Real,Souto de Carpalhosa,Leiria
Estação de Monte Redondo,Monte Redondo,Leiria
Estação de Montemor,Alfarelos,Soure
Estação de Mortágua,Mortágua,Mortágua
Estação de Moscavide,Moscavide,Loures
Estação de Mosteirô,Ribadouro,Baião
Estação de Mouquim,Mouquim,Vila Nova de Famalicão
Estação de Mourisca do Vouga,Trofa,Águeda
Estação de Mouriscas-A,Mouriscas,Abrantes
Estação de Nelas,Nelas,Nelas
Estação de Nespereira,Nespereira,Guimarães
Estação de Nine,Nine,Vila Nova de Famalicão
Estação de Óbidos,Santa Maria,Óbidos
Estação de Oeiras,Oeiras e São Julião da Barra,Oeiras
Estação de Oiã,Oiã,Oliveira do Bairro
Estação de Oleiros,Urrô,Penafiel
Estação de Oliveira de Azeméis,Oliveira de Azeméis,Oliveira de Azeméis
Estação de Oliveira do Bairro,Oliveira do Bairro,Oliveira do Bairro
Estação de Oliveira,Oliveira,Amarante
Estação de Oliveirinha-Cabanas,Oliveira do Conde,Carregal do Sal
Estação de Oronhe,Espinhel,Águeda
Estação de Outeiro,Outeiro da Cabeça,Torres Vedras
Estação de Ovar,São João,Ovar
Estação de Paço de Arcos,Paço de Arcos,Oeiras
Estação de Paços de Brandão,Paços de Brandão,Santa Maria da Feira
Estação de Paialvo,Madalena,Tomar
Estação de Pala,Ribadouro,Baião
Estação de Palmela,Palmela,Palmela
Estação de Pampilhosa,Pampilhosa,Mealhada
Estação de Papízios,Papízios,Carregal do Sal
Estação de Parada,Parada de Todeia,Paredes
Estação de Paraimo-Sangalhos,Sangalhos,Anadia
Estação de Paramos,Paramos,Espinho
Estação de Paredes,Castelões de Cepeda,Paredes
Estação de Parque das Cidades,Almancil,Loulé
Estação de Pataias,Pataias,Alcobaça
Estação de Paúl,Roliça,Bombarral
Estação de Pedra Furada,Almargem do Bispo,Sintra
Estação de Pegões,Santo Isidro de Pegões,Montijo
Estação de Pelariga,Pelariga,Pombal
Estação de Penafiel,Novelas,Penafiel
Estação de Penalva,Quinta do Anjo,Palmela
Estação de Penteado,Moita,Moita
Estação de Pereira,Pereira,Montemor-o-Velho
Estação de Pereirinhas,Moreira de Cónegos,Guimarães
Estação de Pêro Negro,Sapataria,Sobral de Monte Agraço
Estação de Pinhão,Pinhão,Alijó
Estação de Pinheiro da Bemposta,Pinheiro da Bemposta,Oliveira de Azeméis
Estação de Poceirão,Poceirão,Palmela
Estação de Pocinho,Vila Nova de Foz Côa,Vila Nova de Foz Côa
Estação de Pombal,Pombal,Pombal
Estação de Ponte de Sôr,Ponte de Sôr,Ponte de Sôr
Estação de Portalegre,Urra,Portalegre
Estação de Portela,Covelas,Trofa
Estação de Portela de Sintra,Santa Maria e São Miguel,Sintra
Estação de Portimão,Portimão,Portimão
Estação de Porto - Campanhã,Campanhã,Porto
Estação de Porto de Rei,Barqueiros,Mesão Frio
Estação de Porto - São Bento,Sé,Porto
Estação de Praça do Quebedo,Santa Maria da Graça,Setúbal
Estação de Praia do Ribatejo,Praia do Ribatejo,Vila Nova da Barquinha
Estação de Praias do Sado-A,Sado,Setúbal
Estação de Queluz - Belas,Queluz,Sintra
Estação de Quintans,Oliveirinha,Aveiro
Estação de Ramalhal,Ramalhal,Torres Vedras
Estação de Reboleira,Águas Livres,Amadora
Estação de Recarei-Sobreira,Sobreira,Paredes
Estação de Recesinhos,Castelões,Penafiel
Estação de Rede,Vila Marim,Mesão Frio
Estação de Régua,Peso da Régua,Peso da Régua
Estação de Reguengo-Vale da Pedra-Pontével,Vale da Pedra,Cartaxo
Estação de Retaxo,Retaxo,Castelo Branco
Estação de Reveles,Abrunheira,Montemor-o-Velho
Estação de Riachos-Torres Novas-Golegã,Riachos,Torres Novas
Estação de Rio de Mouro,Rio de Mouro,Sintra
Estação de Rio Meão,Rio Meão,Santa Maria da Feira
Estação de Rochoso,Rochoso,Guarda
Estação de Ródão,Vila Velha de Ródão,Vila Velha de Ródão
Estação de Roma-Areeiro,Alvalade,Lisboa
Estação de Ruilhe,Ruilhe,Braga
Estação de Runa,Runa,Torres Vedras
Estação de Sabugal,Panóias de Cima,Guarda
Estação de Sabugo,Almargem do Bispo,Sintra
Estação de Sacavém,Parque das Nações,Lisboa
Estação de Salir do Porto,Salir do Porto,Caldas da Rainha
Estação de Salreu,Salreu,Estarreja
Estação de Sampaio-Oleiros,São Paio de Oleiros,Santa Maria da Feira
Estação de Sanfins,Sanfins,Santa Maria da Feira
Estação de Santa Cita,Madalena,Tomar
Estação de Santa Clara - Sabóia,Santa Clara-a-Velha,Odemira
Estação de Santa Comba Dão,Vimieiro,Santa Comba Dão
Estação de Santa Cruz - Damaia,Águas Livres,Amadora
Estação de Santa Eulália-A,Santa Eulália,Elvas
Estação de Santa Iria,Santa Iria de Azóia,Loures
Estação de Santa Margarida,Santa Margarida da Coutada,Constância
Estação de Santana-Cartaxo,Vila Chã de Ourique,Cartaxo
Estação de Santarém,Santa Iria da Ribeira de Santarém,Santarém
Estação de Santiago de Riba-Ul,Santiago de Riba-Ul,Oliveira de Azeméis
Estação de Santo Amaro,Oeiras e São Julião da Barra,Oeiras
Estação de Santo Tirso,Santo Tirso,Santo Tirso
Estação de Santos,Santos-o-Velho,Lisboa
Estação de São Frutuoso,Folgosa,Maia
Estação de São João da Madeira,São João da Madeira,São João da Madeira
Estação de São João das Craveiras,Pegões,Montijo
Estação de São João de Loure,Eixo,Aveiro
Estação de São João de Ver,São João de Ver,Santa Maria da Feira
Estação de São João do Estoril,Estoril,Cascais
Estação de São Mamede,Roliça,Bombarral
Estação de São Martinho do Campo,Campo,Valongo
Estação de São Martinho do Porto,São Martinho do Porto,Alcobaça
Estação de São Pedro da Torre,São Pedro da Torre,Valença
Estação de São Pedro do Estoril,Estoril,Cascais
Estação de São Romão,São Romão,Trofa
Estação de Sapataria,Sapataria,Sobral de Monte Agraço
Estação de Sarnadas,Sarnadas de Ródão,Vila Velha de Ródão
Estação de Seiça-Ourém,Seiça,Ourém
Estação de Seixas,Seixas,Caminha
Estação de Senhora da Agonia,Vilarelho,Caminha
Estação de Senhora das Neves,Vila de Punhe,Viana do Castelo
Estação de Sernada do Vouga,Macinhata do Vouga,Águeda
Estação de Sete Rios,São Domingos de Benfica,Lisboa
Estação de Setil,Vale da Pedra,Cartaxo
Estação de Setúbal,São Sebastião,Setúbal
Estação de Silva,Silva,Barcelos
Estação de Silvalde,Silvalde,Espinho
Estação de Silvalde-Vouga,Silvalde,Espinho
Estação de Silves,Silves,Silves
Estação de Simões,Soure,Soure
Estação de Sintra,Santa Maria e São Miguel,Sintra
Estação de Soalheira,Castelo Novo,Fundão
Estação de Soito,Espinho,Mortágua
Estação de Soudos - Vila Nova,Paialvo,Tomar
Estação de Soure,Soure,Soure
Estação de Souselas,Souselas,Coimbra
Estação de Suzão,Valongo,Valongo
Estação de Tadim,Tadim,Braga
Estação de Taipa-Requeixo,Requeixo,Aveiro
Estação de Tamel,Aborim,Barcelos
Estação de Tancos,Praia do Ribatejo,Vila Nova da Barquinha
Estação de Taveiro,Taveiro,Coimbra
Estação de Tavira,Santiago,Tavira
Estação de Terronhas,Recarei,Paredes
Estação de Tojeirinha,Vila Velha de Ródão,Vila Velha de Ródão
Estação de Tomar,São João Baptista,Tomar
Estação de Torre das Vargens,Ponte de Sôr,Ponte de Sôr
Estação de Torres Vedras,Santa Maria do Castelo e São Miguel,Torres Vedras
Estação de Tortosendo,Tortosendo,Covilhã
Estação de Tramagal,Tramagal,Abrantes
Estação de Trancoso,Recarei,Paredes
Estação de Travagem,Ermesinde,Valongo
Estação de Travanca-Macinhata,Travanca,Oliveira de Azeméis
Estação de Travassô,Travassô,Águeda
Estação de Trofa,São Martinho,Trofa
Estação de Tua,Castanheiro,Carrazeda de Ansiães
Estação de Ul,Ul,Oliveira de Azeméis
Estação de Urgueiras,Albergaria-a-Velha,Albergaria-a-Velha
Estação de Vacariça,Vacariça,Mealhada
Estação de Valadares,Valadares,Vila Nova de Gaia
Estação de Valado-Nazaré-Alcobaça,Valado dos Frades,Nazaré
Estação de Vale de Figueira,Vale de Figueira,Santarém
Estação de Vale de Prazeres,Vale de Prazeres,Fundão
Estação de Vale de Santarém,Vale de Santarém,Santarém
Estação de Válega,Válega,Ovar
Estação de Valença,Valença,Valença
Estação de Valongo do Vouga,Valongo do Vouga,Águeda
Estação de Valongo,Valongo,Valongo
Estação de Vargelas,Vale da Figueira,São João da Pesqueira
Estação de Venda do Alcaide,Palmela,Palmela
Estação de Vermoil,Santiago de Litém,Pombal
Estação de Verride,Verride,Montemor-o-Velho
Estação de Vesúvio,Numão,Vila Nova de Foz Côa
Estação de Viana do Castelo,Santa Maria Maior,Viana do Castelo
Estação de Vila da Feira,Feira,Santa Maria da Feira
Estação de Vila das Aves,Aves,Santo Tirso
Estação de Vila Fernando,Vila Fernando,Guarda
Estação de Vila Franca das Naves,Vila Franca das Naves,Trancoso
Estação de Vila Franca de Xira,Vila Franca de Xira,Vila Franca de Xira
Estação de Vila Meã,Ataíde,Amarante
Estação de Vila Nova da Rainha,Vila Nova da Rainha,Azambuja
Estação de Vila Nova de Anços,Vila Nova de Anços,Soure
Estação de Vila Nova de Cerveira,Vila Nova de Cerveira,Vila Nova de Cerveira
Estação de Vila Nova de Gaia - Devessas,Santa Marinha,Vila Nova de Gaia
Estação de Vila Pouca do Campo,Ameal,Coimbra
Estação de Vilar Formoso,Vilar Formoso,Almeida
Estação de Vilela-Fornos,Torre de Vilela,Coimbra
Estação de Virtudes,Aveiras de Baixo,Azambuja
Estação de Vizela,São Miguel,Vizela
Estação de Zibreira,Sobral de Monte Agraço,Sobral de Monte Agraço
Estação do Barreiro,Barreiro,Barreiro
Estação do Carregado,Castanheira do Ribatejo,Vila Franca de Xira
Estação do Entroncamento,São João Baptista,Entroncamento
Estação do Estoril,Estoril,Cascais
Estação do Lavradio,Lavradio,Barreiro
Estação do Pragal,Pragal,Almada
Estação do Rossio,Santa Justa,Lisboa
Estação Encarnação,Santa Maria dos Olivais,Lisboa
Estação Espaço Natureza,Mindelo,Vila do Conde
Estação Esposade,Custóias,Matosinhos
Estação Estádio do Dragão,Campanhã,Porto
Estação Fânzeres,Fânzeres,Gondomar
Estação Faria Guimarães,Santo Ildefonso,Porto
Estação Ferroviária de Contumil,Campanhã,Porto
Estação Ferroviária de Rio Tinto,Rio Tinto,Gondomar
Estação Fonte do Cuco,Custóias,Matosinhos
Estação Francos,Ramalde,Porto
Estação Heroísmo,Bonfim,Porto
Estação Hospital de São João,Paranhos,Porto
Estação IPO,Paranhos,Porto
Estação Jardim do Morro,Santa Marinha,Vila Nova de Gaia
Estação João de Deus,Mafamude,Vila Nova de Gaia
Estação Lapa,Cedofeita,Porto
Estação Levada,Rio Tinto,Gondomar
Estação Lidador,Vila Nova da Telha,Maia
Estação Marquês,Santo Ildefonso,Porto
Estação Mindelo,Mindelo,Vila do Conde
Estação Modivas Centro,Modivas,Vila do Conde
Estação Modivas Sul,Modivas,Vila do Conde
Estação Moscavide,Parque das Nações,Lisboa
Estação Nasoni,Campanhã,Porto
Estação Nau Vitória,Campanhã,Porto
Estação Olaias,Areeiro,Lisboa
Estação Olivais,Olivais,Lisboa
Estação Pedras Rubras,Moreira,Maia
Estação Pólo Universitário,Paranhos,Porto
Estação Portas Fronhas,Vila do Conde,Vila do Conde
Estação Póvoa de Varzim,Póvoa de Varzim,Póvoa de Varzim
Estação Ramalde,Ramalde,Porto
Estação Saldanha,Nossa Senhora de Fátima,Lisboa
Estação Salgueiros,Paranhos,Porto
Estação Santa Clara,Vila do Conde,Vila do Conde
Estação Santo Ovídio,Mafamude,Vila Nova de Gaia
Estação São Brás,Vila do Conde,Vila do Conde
Estação São Sebastião,São Sebastião da Pedreira,Lisboa
Estação Senhora da Hora,Senhora da Hora,Matosinhos
Estação Sete Bicas,Senhora da Hora,Matosinhos
Estação Trindade,Santo Ildefonso,Porto
Estação Varziela,Árvore,Vila do Conde
Estação Venda Nova,Rio Tinto,Gondomar
Estação Verdes,Moreira,Maia
Estação Via Rápida / Viso,Ramalde,Porto
Estação Vila do Conde,Vila do Conde,Vila do Conde
Estação Vilar do Pinheiro,Vilar do Pinheiro,Vila do Conde
Estádio Algarve,Almancil,Loulé
Estoi,Estoi,Faro
Estômbar,Estômbar,Lagoa
"Estrela, Moura",Póvoa de São Miguel,Moura
Exponor - Feira Internacional do Porto,Leça da Palmeira,Matosinhos
Faro - Avenida Calouste Gulbenkian,São Pedro,Faro
Faro - São Pedro,São Pedro,Faro
Faro - Sé,Sé,Faro
Ferragudo,Ferragudo,Lagoa
Ferreira do Alentejo,Ferreira do Alentejo,Ferreira do Alentejo
Ferreiras,Ferreiras,Albufeira
Fóia,Monchique,Monchique
Fonte Benémola,Querença,Loulé
Fonte do Penedo,Odeleite,Castro Marim
Fonte Zambujo de Baixo,Pereiro,Alcoutim
Fonte Zambujo de Cima,Pereiro,Alcoutim
Fonte Zambujo,Pereiro,Alcoutim
Formoa,Santana de Cambas,Mértola
Forum Algarve,São Pedro,Faro
Foz de Odeleite,Odeleite,Castro Marim
Furnazinhas,Odeleite,Castro Marim
Fuseta,Fuseta,Olhão
Gare do Oriente,Parque das Nações,Lisboa
Giões,Giões,Alcoutim
Grândola,Grândola,Grândola
Guerreiros do Rio,Alcoutim,Alcoutim
Guia,Guia,Albufeira
Hangares,Sé,Faro
Hortas,Monte Gordo,Vila Real de Santo António
IC1 - Cruzamento com a N124,São Bartolomeu de Messines,Silves
IC1 - Cruzamento com a N263,Panóias,Ourique
IC1 - Fim,Ferreiras,Albufeira
IC17 CRIL - Acesso Norte à Saída 1 da A8,Camarate,Loures
IC17 CRIL - Início,Algés,Oeiras
IC17 CRIL - Odivelas Oeste,Odivelas,Odivelas
IC17 CRIL - Saída 1,Algés,Oeiras
IC17 CRIL - Saída 2,São Francisco Xavier,Lisboa
IC17 CRIL - Saída 4,Alfragide,Amadora
IC17 CRIL - Saída 5,Alfragide,Amadora
IC17 CRIL - Saída 7,Benfica,Lisboa
IC17 CRIL - Saída 8,Falagueira-Venda Nova,Amadora
IC17 CRIL - Saída 10,Odivelas,Odivelas
IC19 - Palácio de Queluz,Queluz,Sintra
IC19 - Saída 2,Buraca,Amadora
IC19 - Saída 2A,Damaia,Amadora
IC19 - Saída 3,Venteira,Amadora
IC19 - Saída 4,Venteira,Amadora
IC19 - Saída 5,Queluz,Sintra
IC19 - Saída 7,Barcarena,Oeiras
IC19 - Saída 8,Massamá,Sintra
IC19 - Saída 9,Cacém,Sintra
IC19 - Saída 10,Cacém,Sintra
IC19 - Saída 11,Rio de Mouro,Sintra
IC19 - Saída 12,Rio de Mouro,Sintra
IC19 - Saída 13,São Pedro de Penaferrim,Sintra
IC23 - Avenida da Boavista Nascente,Lordelo do Ouro,Porto
IC23 - Avenida da Boavista Poente,Ramalde,Porto
IC23 - Campanhã,Campanhã,Porto
IC23 - Campo Alegre,Lordelo do Ouro,Porto
IC23 - Cruzamento com a N14,Paranhos,Porto
IC23 - Estádio do Dragão,Campanhã,Porto
IC23 - Nó das Antas,Paranhos,Porto
IC23 - Paranhos,Paranhos,Porto
IC23 - Rua do Amial,Paranhos,Porto
IC27 - Fim,Pereiro,Alcoutim
IC27 - Início,Castro Marim,Castro Marim
IC27 - Saída 1,Castro Marim,Castro Marim
IC27 - Saída 2,Azinhal,Castro Marim
IC27 - Saída 3,Azinhal,Castro Marim
IC27 - Saída 4,Odeleite,Castro Marim
IC27 - Saída 5,Odeleite,Castro Marim
IC27 - Saída 6,Alcoutim,Alcoutim
IC27 - Saída 7,Alcoutim,Alcoutim
Ilha da Armona,Quelfes,Olhão
Ilha do Farol,Sé,Faro
Ilha do Pessegueiro,Porto Covo,Sines
IP2 - Saída 38,Santana,Portel
IP2 - Saída 39,Vidigueira,Vidigueira
IP2 - Saída 40,Vidigueira,Vidigueira
IP2 - Saída 41,São Matias,Beja
IP2 - Saída 42,Santa Clara de Louredo,Beja
IP2 - Saída 43,Trindade,Beja
IP2 - Saída 44,Trindade,Beja
IP2 - Saída 45,Trindade,Beja
IP2 - Saída 46,Albernoa,Beja
IP2 - Saída 47,Albernoa,Beja
IP2 - Saída 48,Castro Verde,Castro Verde
IP2 - Saída 49,Castro Verde,Castro Verde
IP2 - Saída 50,Castro Verde,Castro Verde
IP3 - Saída 9,Botão,Coimbra
IP3 - Saída 9A,Figueira de Lorvão,Penacova
IP5 - Joana Martins,Ventosa,Vouzela
IP5 - Saída 13,Boaldeia,Viseu
IP5 - Saída 14,São Cipriano,Viseu
IP5 - Saída 15,Abraveses,Viseu
IP5 - Saída 16,Campo,Viseu
IP5 - Saída 17,Rio de Loba,Viseu
IP8 - Cruzamento com a N261,Santo André,Santiago do Cacém
IP8 - Cruzamento com a N261-1,Grândola,Grândola
IP8 - Cruzamento com a N261-2,Melides,Grândola
IP8 - Início,Sines,Sines
Junqueira,Castro Marim,Castro Marim
Lagoa de Santo André,Santo André,Santiago do Cacém
Lagoa,Lagoa,Lagoa
Lagos,Santa Maria,Lagos
Laranjeiras,Alcoutim,Alcoutim
Lisboa Camping & Bungalows,Benfica,Lisboa
Livramento,Luz de Tavira,Tavira
Lombardos,Mértola,Mértola
Loulé,São Clemente,Loulé
Luz de Tavira,Luz de Tavira,Tavira
"Luz, Lagos",Luz,Lagos
Luzianes,Luzianes-Gare,Odemira
Malveira da Serra,Alcabideche,Cascais
Manta Rota,Vila Nova de Cacela,Vila Real de Santo António
MAR Shopping Algarve,Almancil,Loulé
MAR Shopping Matosinhos,Leça da Palmeira,Matosinhos
Marina de Albufeira,Albufeira,Albufeira
Marina de Lagos,São Sebastião,Lagos
Marina de Portimão,Portimão,Portimão
Marmeleiro,Alcoutim,Alcoutim
Marmelete,Marmelete,Monchique
Martim Longo,Martim Longo,Alcoutim
Meia Praia,São Sebastião,Lagos
Melides,Melides,Grândola
Menires do Lavajo,Alcoutim,Alcoutim
Mértola,Mértola,Mértola
Mesquita,Espírito Santo,Mértola
Messejana,Messejana,Aljustrel
Mexilhoeira da Carregação,Estômbar,Lagoa
Mexilhoeira Grande,Mexilhoeira Grande,Portimão
Mimosa,Alvalade,Santiago do Cacém
Mina de Neves-Corvo,Santa Bárbara de Padrões,Castro Verde
Mina de Sal-Gema de Loulé,São Clemente,Loulé
Mina de São Domingos,Corte do Pinto,Mértola
Miradouro do Caldeirão,Ameixal,Loulé
Moinhos de Vento de Baixo,Espírito Santo,Mértola
Moinhos de Vento de Cima,Espírito Santo,Mértola
Moncarapacho,Moncarapacho,Olhão
Monchique,Monchique,Monchique
Monte Alto,Mértola,Mértola
Monte Costa,Santana de Cambas,Mértola
Monte Fernandes,Mértola,Mértola
Monte Francisco,Castro Marim,Castro Marim
Monte Gordo,Monte Gordo,Vila Real de Santo António
Monte Vascão,Alcoutim,Alcoutim
Montenegro,Montenegro,Faro
Montes Altos,Santana de Cambas,Mértola
Montes Castelhanos,Castro Marim,Castro Marim
Montinho,Alcoutim,Alcoutim
Montinho das Laranjeiras,Alcoutim,Alcoutim
Montinho de Odeleite,Odeleite,Castro Marim
Moreanes,Santana de Cambas,Mértola
Moura,Santo Agostinho,Moura
Murteira de Baixo,Azinhal,Castro Marim
Murteira de Cima,Azinhal,Castro Marim
N125 - Acesso a Estômbar e Ferragudo,Estômbar,Lagoa
N125 - Acesso à Saída 1 da A22,São Sebastião,Lagos
N125 - Acesso à Saída 2 da A22,Odiáxere,Lagos
N125 - Acesso à Saída 3 da A22,Mexilhoeira Grande,Portimão
Neves,Mértola,Mértola
Norte do Sapal de Castro Marim e Vila Real de Santo António,Castro Marim,Castro Marim
NorteShopping,Senhora da Hora,Matosinhos
Odeceixe,Odeceixe,Aljezur
Odeleite,Odeleite,Castro Marim
Odemira,Santa Maria,Odemira
Odiáxere,Odiáxere,Lagos
"Odivelas, Ferreira do Alentejo",Odivelas,Ferreira do Alentejo
Olhão,Olhão,Olhão
Olhos de Água,Olhos de Água,Albufeira
Ourique,Ourique,Ourique
Paderne,Paderne,Albufeira
Palácio da Justiça de Sintra,Santa Maria e São Miguel,Sintra
Palmeira,Alcoutim,Alcoutim
Parchal,Parchal,Lagoa
Parque Empresarial de Alcoutim,Alcoutim,Alcoutim
Parque Mineiro Cova dos Mouros,Vaqueiros,Alcoutim
Parque Municipal do Sítio das Fontes,Estômbar,Lagoa
Parque Temático da Serra do Caldeirão,Salir,Loulé
Pechão,Pechão,Olhão
Pedras de El-Rei,Santa Luzia,Tavira
Penha da Águia,Espírito Santo,Mértola
"Pêra, Silves",Pêra,Silves
Pereiro,Pereiro,Alcoutim
Pias,Pias,Serpa
Piçarral,Azinhal,Castro Marim
Picoitos,Santana de Cambas,Mértola
Picota,Monchique,Monchique
Pinhal Novo,Pinhal Novo,Palmela
Poço Barreto,Silves,Silves
Pomarão,Santana de Cambas,Mértola
Ponta da Piedade,Santa Maria,Lagos
Ponta de Sagres,Sagres,Vila do Bispo
Porches,Porches,Lagoa
Portela Alta de Baixo,Odeleite,Castro Marim
Portela Alta de Cima,Odeleite,Castro Marim
Portimão - Avenida São Lourenço da Barrosa,Portimão,Portimão
Portimão - Centro histórico,Portimão,Portimão
Portimão - Zona ribeirinha,Portimão,Portimão
Porto Comercial de Portimão,Portimão,Portimão
Porto Covo,Porto Covo,Sines
Porto de Faro,Sé,Faro
Porto de Pesca de Portimão,Parchal,Lagoa
Porto de Pesca de Sines,Sines,Sines
Porto de Recreio de Sines,Sines,Sines
Porto de Sines - Terminal XXI,Sines,Sines
Porto de Sines - Terminal de Gás Natural,Sines,Sines
Porto de Sines - Terminal de Granéis Líquidos,Sines,Sines
Porto de Sines - Terminal Multipurpose,Sines,Sines
Póvoa de São Miguel,Póvoa de São Miguel,Moura
Praia da Amoreira,Aljezur,Aljezur
Praia da Arrifana,Aljezur,Aljezur
Praia da Barreta,Sé,Faro
Praia da Boca do Rio,Budens,Vila do Bispo
Praia da Bordeira,Bordeira,Aljezur
Praia da Cacela Velha,Vila Nova de Cacela,Vila Real de Santo António
Praia da Comporta,Carvalhal,Grândola
Praia da Cordoama,Vila do Bispo,Vila do Bispo
Praia da Cova Redonda,Porches,Lagoa
Praia da Falésia,Olhos de Água,Albufeira
Praia da Fuseta,Fuseta,Olhão
Praia da Galé,Guia,Albufeira
Praia da Ilha de Tavira,Santa Maria,Tavira
Praia da Marinha,Lagoa,Lagoa
Praia da Nossa Senhora da Rocha,Porches,Lagoa
Praia da Oura,Albufeira,Albufeira
Praia da Rocha,Portimão,Portimão
Praia de Benagil,Lagoa,Lagoa
Praia de Cabanas de Tavira,Cabanas de Tavira,Tavira
Praia de Faro,Montenegro,Faro
Praia de Melides,Melides,Grândola
Praia de Monte Clérigo,Aljezur,Aljezur
Praia de Odeceixe,Odeceixe,Aljezur
Praia de Santa Eulália,Olhos de Água,Albufeira
Praia de São Torpes,Sines,Sines
Praia do Amado,Bordeira,Aljezur
Praia do Barril,Santa Luzia,Tavira
Praia do Carvalho,Carvoeiro,Lagoa
Praia do Castelejo,Vila do Bispo,Vila do Bispo
Praia do Martinhal,Sagres,Vila do Bispo
Praia do Vale de Centeanes,Carvoeiro,Lagoa
Praia do Vau,Portimão,Portimão
Praia Dona Ana,Santa Maria,Lagos
Praia dos Alemães,Albufeira,Albufeira
Praia dos Salgados,Guia,Albufeira
Praia Nova,Porches,Lagoa
Praia Verde,Altura,Castro Marim
Quarteira,Quarteira,Loulé
Quatro Águas,Santa Maria,Tavira
Quebradas,Odeleite,Castro Marim
Quelfes,Quelfes,Olhão
Querença,Querença,Loulé
Quinta do Lago,Almancil,Loulé
Quinta do Vale Golf Resort,Castro Marim,Castro Marim
Radial de Benfica - Acesso a Benfica,São Domingos de Benfica,Lisboa
Ranholas,São Pedro de Penaferrim,Sintra
Raposeira,Raposeira,Vila do Bispo
Refinaria de Sines,Sines,Sines
Ribat da Arrifana,Aljezur,Aljezur
Ribeira do Vascão,Espírito Santo,Mértola
Rocha da Pena,Salir,Loulé
Rogil,Rogil,Aljezur
Roncanito,Espírito Santo,Mértola
Roncão de Baixo,Espírito Santo,Mértola
Roncão de Cima,Espírito Santo,Mértola
Roncão do Meio,Espírito Santo,Mértola
Rotunda da Árvore,Alcoutim,Alcoutim
Rotunda do Bessa,Ramalde,Porto
"Rotunda dos Golfinhos, Setúbal",São Sebastião,Setúbal
Ruínas Romanas de Milreu,Estoi,Faro
Ruínas Romanas de Miróbriga,Santiago do Cacém,Santiago do Cacém
Ruínas Romanas de Tróia,Carvalhal,Grândola
Safara,Safara,Moura
Sagres,Sagres,Vila do Bispo
Salema,Budens,Vila do Bispo
Salgueiros,Santana de Cambas,Mértola
Salir,Salir,Loulé
Santa Bárbara de Nexe,Santa Bárbara de Nexe,Faro
Santa Catarina da Fonte do Bispo,Santa Catarina da Fonte do Bispo,Tavira
Santa Clara de Louredo,Santa Clara de Louredo,Beja
Santa Luzia,Santa Luzia,Tavira
Santa Marta,Alcoutim,Alcoutim
Santa Susana,Santa Susana,Alcácer do Sal
Santana da Serra,Santana da Serra,Ourique
Santana de Cambas,Santana de Cambas,Mértola
Santiago do Cacém,Santiago do Cacém,Santiago do Cacém
Santo Aleixo da Restauração,Santo Aleixo da Restauração,Moura
Santo Estêvão,Santo Estêvão,Tavira
Santuário de Nossa Senhora da Piedade,São Sebastião,Loulé
São Bartolomeu de Messines,São Bartolomeu de Messines,Silves
São Bartolomeu de Via Glória,São Sebastião dos Carros,Mértola
São Brás de Alportel,São Brás de Alportel,São Brás de Alportel
São Domingos de Rana - Norte,São Domingos de Rana,Cascais
São Domingos de Rana - Sul,São Domingos de Rana,Cascais
São Luís,São Luís,Odemira
São Marcos da Serra,São Marcos da Serra,Silves
São Martinho,Alcoutim,Alcoutim
São Martinho das Amoreiras,São Martinho das Amoreiras,Odemira
São Matias,São Matias,Beja
São Miguel da Guarda,Guarda,Guarda
São Teotónio,São Teotónio,Odemira
Sapos,Santana de Cambas,Mértola
Sedas,Espírito Santo,Mértola
Segunda Circular - Avenida Lusíada,Benfica,Lisboa
Segunda Circular - Benfica,Benfica,Lisboa
Segunda Circular - Centro Comercial Colombo,Carnide,Lisboa
Segunda Circular - Encarnação,Santa Maria dos Olivais,Lisboa
Segunda Circular - Estrada de Benfica,Benfica,Lisboa
Segunda Circular - Radial de Benfica,Benfica,Lisboa
Segunda Circular - Saída 1,Santa Maria dos Olivais,Lisboa
Segunda Circular - Saída 2,Santa Maria dos Olivais,Lisboa
Segunda Circular - Saída 3,Santa Maria dos Olivais,Lisboa
Segunda Circular - Saída 4,Lumiar,Lisboa
Segunda Circular - Saída 5,Lumiar,Lisboa
Segunda Circular - Saída 7,Carnide,Lisboa
Segunda Circular - Telheiras,Lumiar,Lisboa
Sentinela,Azinhal,Castro Marim
Serpa,Santa Maria,Serpa
Serro da Vinha de Baixo,Pereiro,Alcoutim
Serro da Vinha de Cima,Pereiro,Alcoutim
Silves,Silves,Silves
Sines,Sines,Sines
Sítio da Fábrica,Vila Nova de Cacela,Vila Real de Santo António
Slide & Splash,Estômbar,Lagoa
Sobral da Adiça,Sobral da Adiça,Moura
Sul do Sapal de Castro Marim e Vila Real de Santo António,Castro Marim,Castro Marim
Tacões,Pereiro,Alcoutim
Tamejoso,Mértola,Mértola
Tanoeiro,Castro Marim,Castro Marim
Tavira - Norte,Santa Maria,Tavira
Tavira - Sul,Santiago,Tavira
Tenência,Odeleite,Castro Marim
Tires,São Domingos de Rana,Cascais
Tôr,Tôr,Loulé
Torneiro,Alcoutim,Alcoutim
Torrão,Torrão,Alcácer do Sal
Trindade,Trindade,Beja
Tróia,Carvalhal,Grândola
Tunes,Tunes,Silves
Universidade do Algarve - Campus da Penha,Sé,Faro
Universidade do Algarve - Campus de Gambelas,Montenegro,Faro
Universidade do Algarve - Campus de Portimão,Portimão,Portimão
Urbanização Soltróia,Carvalhal,Grândola
Vale de Andreu,Castro Marim,Castro Marim
Vale do Lobo,Almancil,Loulé
Vale do Pereiro,Odeleite,Castro Marim
Vale do Poço,Santana de Cambas,Mértola
Vaqueiros,Vaqueiros,Alcoutim
Variante de Faro - Nó com a M518,São Pedro,Faro
Variante de Faro - Nó com a N2,Conceição,Faro
Variante de Faro - Nó com o IC4,São Pedro,Faro
Vendas Novas,Vendas Novas,Vendas Novas
"Vicentes, Alcoutim",Pereiro,Alcoutim
"Vicentes, Mértola",Espírito Santo,Mértola
Vidigueira,Vidigueira,Vidigueira
Vila do Bispo,Vila do Bispo,Vila do Bispo
Vila Nova da Baronia,Vila Nova da Baronia,Alvito
Vila Nova de Cacela,Vila Nova de Cacela,Vila Real de Santo António
Vila Nova de Milfontes,Vila Nova de Milfontes,Odemira
Vila Nova de Santo André,Santo André,Santiago do Cacém
Vila Nova de São Bento,Vila Nova de São Bento,Serpa
Vila Real de Santo António,Vila Real de Santo António,Vila Real de Santo António
Vila Verde de Ficalho,Vila Verde de Ficalho,Serpa
Vilamoura,Quarteira,Loulé
Vilar Formoso,Vilar Formoso,Almeida
Villa Romana de Pisões,Santiago Maior,Beja
Villa Romana de São Cucufate,Vila de Frades,Vidigueira
Vista Real,Castro Marim,Castro Marim
Zambujal,Espírito Santo,Mértola
Zambujeira do Mar,Zambujeira do Mar,Odemira
Zoomarine,Guia,Albufeira
